ticker,line_item,period_end,period_type,fiscal_year,fiscal_period,value,unit,concept_used,accession_no,fact_id,filing_url,form_type,filed_date
PANW,AccountsPayable,2021-10-31,Q,2022,Q1,95300000.0,USD,AccountsPayableCurrent,0001327567-21-000040,5adf8160b6bde631,https://www.sec.gov/Archives/edgar/data/1327567/000132756721000040/,10-Q,2021-11-19
PANW,AccountsPayable,2022-01-31,Q,2022,Q2,120400000.0,USD,AccountsPayableCurrent,0001327567-22-000008,c42996558eaaeb13,https://www.sec.gov/Archives/edgar/data/1327567/000132756722000008/,10-Q,2022-02-23
PANW,AccountsPayable,2021-07-31,Q,2022,Q3,56900000.0,USD,AccountsPayableCurrent,0001327567-22-000016,ee15f19fa5f23443,https://www.sec.gov/Archives/edgar/data/1327567/000132756722000016/,10-Q,2022-05-20
PANW,AccountsPayable,2022-04-30,Q,2022,Q3,108000000.0,USD,AccountsPayableCurrent,0001327567-22-000016,b526494c3e5fa7da,https://www.sec.gov/Archives/edgar/data/1327567/000132756722000016/,10-Q,2022-05-20
PANW,AccountsPayable,2022-10-31,Q,2023,Q1,125900000.0,USD,AccountsPayableCurrent,0001327567-22-000038,1e481ad3f3e79485,https://www.sec.gov/Archives/edgar/data/1327567/000132756722000038/,10-Q,2022-11-18
PANW,AccountsPayable,2023-01-31,Q,2023,Q2,128300000.0,USD,AccountsPayableCurrent,0001327567-23-000006,0d596f9dca675e24,https://www.sec.gov/Archives/edgar/data/1327567/000132756723000006/,10-Q,2023-02-22
PANW,AccountsPayable,2023-04-30,Q,2023,Q3,91600000.0,USD,AccountsPayableCurrent,0001327567-23-000014,f79cad109f45c433,https://www.sec.gov/Archives/edgar/data/1327567/000132756723000014/,10-Q,2023-05-24
PANW,AccountsPayable,2022-07-31,Q,2023,Q3,128000000.0,USD,AccountsPayableCurrent,0001327567-23-000014,4282b7011fcc10f6,https://www.sec.gov/Archives/edgar/data/1327567/000132756723000014/,10-Q,2023-05-24
PANW,AccountsPayable,2023-10-31,Q,2024,Q1,131800000.0,USD,AccountsPayableCurrent,0001327567-23-000032,9f8b46115df5b7b0,https://www.sec.gov/Archives/edgar/data/1327567/000132756723000032/,10-Q,2023-11-17
PANW,AccountsPayable,2024-01-31,Q,2024,Q2,178800000.0,USD,AccountsPayableCurrent,0001327567-24-000005,e26a2064fc084dea,https://www.sec.gov/Archives/edgar/data/1327567/000132756724000005/,10-Q,2024-02-21
PANW,AccountsPayable,2024-04-30,Q,2024,Q3,108900000.0,USD,AccountsPayableCurrent,0001327567-24-000017,96dae75141df95a7,https://www.sec.gov/Archives/edgar/data/1327567/000132756724000017/,10-Q,2024-05-21
PANW,AccountsPayable,2023-07-31,Q,2024,Q3,132300000.0,USD,AccountsPayableCurrent,0001327567-24-000017,9cad252c6210421d,https://www.sec.gov/Archives/edgar/data/1327567/000132756724000017/,10-Q,2024-05-21
PANW,AccountsPayable,2024-10-31,Q,2025,Q1,211600000.0,USD,AccountsPayableCurrent,0001327567-24-000040,4f316bdc2868d2bd,https://www.sec.gov/Archives/edgar/data/1327567/000132756724000040/,10-Q,2024-11-21
PANW,AccountsPayable,2025-01-31,Q,2025,Q2,149300000.0,USD,AccountsPayableCurrent,0001327567-25-000010,b0ea31a185b68501,https://www.sec.gov/Archives/edgar/data/1327567/000132756725000010/,10-Q,2025-02-14
PANW,AccountsPayable,2024-07-31,Q,2025,Q3,116300000.0,USD,AccountsPayableCurrent,0001327567-25-000017,b67dc4377a0c4c65,https://www.sec.gov/Archives/edgar/data/1327567/000132756725000017/,10-Q,2025-05-21
PANW,AccountsPayable,2025-04-30,Q,2025,Q3,234800000.0,USD,AccountsPayableCurrent,0001327567-25-000017,ea499a31d6fe45bb,https://www.sec.gov/Archives/edgar/data/1327567/000132756725000017/,10-Q,2025-05-21
PANW,AccountsPayable,2025-10-31,Q,2026,Q1,223000000.0,USD,AccountsPayableCurrent,0001327567-25-000035,6bbd538733ac6bfc,https://www.sec.gov/Archives/edgar/data/1327567/000132756725000035/,10-Q,2025-11-20
PANW,AccountsPayable,2025-07-31,Q,2026,Q1,232000000.0,USD,AccountsPayableCurrent,0001327567-25-000035,fbf07919a3de4935,https://www.sec.gov/Archives/edgar/data/1327567/000132756725000035/,10-Q,2025-11-20
PANW,AccountsPayable,2025-07-31,Q,2026,Q2,232000000.0,USD,AccountsPayableCurrent,0001327567-26-000005,09a12f478fc59ff9,https://www.sec.gov/Archives/edgar/data/1327567/000132756726000005/,10-Q,2026-02-18
PANW,AccountsPayable,2026-01-31,Q,2026,Q2,262000000.0,USD,AccountsPayableCurrent,0001327567-26-000005,e133342bdc15df34,https://www.sec.gov/Archives/edgar/data/1327567/000132756726000005/,10-Q,2026-02-18
PANW,AccountsReceivable,2021-10-31,Q,2022,Q1,812100000.0,USD,AccountsReceivableNetCurrent,0001327567-21-000040,79ff168ab3b34728,https://www.sec.gov/Archives/edgar/data/1327567/000132756721000040/,10-Q,2021-11-19
PANW,AccountsReceivable,2022-01-31,Q,2022,Q2,952200000.0,USD,AccountsReceivableNetCurrent,0001327567-22-000008,05958be96505a394,https://www.sec.gov/Archives/edgar/data/1327567/000132756722000008/,10-Q,2022-02-23
PANW,AccountsReceivable,2021-07-31,Q,2022,Q3,1240400000.0,USD,AccountsReceivableNetCurrent,0001327567-22-000016,e9f92e403df7e36d,https://www.sec.gov/Archives/edgar/data/1327567/000132756722000016/,10-Q,2022-05-20
PANW,AccountsReceivable,2022-04-30,Q,2022,Q3,1240600000.0,USD,AccountsReceivableNetCurrent,0001327567-22-000016,ccd2b12689925e94,https://www.sec.gov/Archives/edgar/data/1327567/000132756722000016/,10-Q,2022-05-20
PANW,AccountsReceivable,2022-10-31,Q,2023,Q1,1238100000.0,USD,AccountsReceivableNetCurrent,0001327567-22-000038,9d926b1aa5c3de24,https://www.sec.gov/Archives/edgar/data/1327567/000132756722000038/,10-Q,2022-11-18
PANW,AccountsReceivable,2023-01-31,Q,2023,Q2,1278100000.0,USD,AccountsReceivableNetCurrent,0001327567-23-000006,af7b055313ff2584,https://www.sec.gov/Archives/edgar/data/1327567/000132756723000006/,10-Q,2023-02-22
PANW,AccountsReceivable,2023-04-30,Q,2023,Q3,1443600000.0,USD,AccountsReceivableNetCurrent,0001327567-23-000014,b4e9806f2189962a,https://www.sec.gov/Archives/edgar/data/1327567/000132756723000014/,10-Q,2023-05-24
PANW,AccountsReceivable,2022-07-31,Q,2023,Q3,2142500000.0,USD,AccountsReceivableNetCurrent,0001327567-23-000014,8306f7c2df26f656,https://www.sec.gov/Archives/edgar/data/1327567/000132756723000014/,10-Q,2023-05-24
PANW,AccountsReceivable,2023-10-31,Q,2024,Q1,1413000000.0,USD,AccountsReceivableNetCurrent,0001327567-23-000032,b9dfc3e5701349cd,https://www.sec.gov/Archives/edgar/data/1327567/000132756723000032/,10-Q,2023-11-17
PANW,AccountsReceivable,2024-01-31,Q,2024,Q2,1896300000.0,USD,AccountsReceivableNetCurrent,0001327567-24-000005,4eebac548daeeeff,https://www.sec.gov/Archives/edgar/data/1327567/000132756724000005/,10-Q,2024-02-21
PANW,AccountsReceivable,2024-04-30,Q,2024,Q3,1715400000.0,USD,AccountsReceivableNetCurrent,0001327567-24-000017,face707e911c88ff,https://www.sec.gov/Archives/edgar/data/1327567/000132756724000017/,10-Q,2024-05-21
PANW,AccountsReceivable,2023-07-31,Q,2024,Q3,2463200000.0,USD,AccountsReceivableNetCurrent,0001327567-24-000017,a8b6d807d084f0cc,https://www.sec.gov/Archives/edgar/data/1327567/000132756724000017/,10-Q,2024-05-21
PANW,AccountsReceivable,2024-10-31,Q,2025,Q1,1132900000.0,USD,AccountsReceivableNetCurrent,0001327567-24-000040,6a6eaa019ef9b484,https://www.sec.gov/Archives/edgar/data/1327567/000132756724000040/,10-Q,2024-11-21
PANW,AccountsReceivable,2025-01-31,Q,2025,Q2,1495500000.0,USD,AccountsReceivableNetCurrent,0001327567-25-000010,7c2b20eef20bc6a2,https://www.sec.gov/Archives/edgar/data/1327567/000132756725000010/,10-Q,2025-02-14
PANW,AccountsReceivable,2025-04-30,Q,2025,Q3,1950000000.0,USD,AccountsReceivableNetCurrent,0001327567-25-000017,6e2dfb74e0c452bb,https://www.sec.gov/Archives/edgar/data/1327567/000132756725000017/,10-Q,2025-05-21
PANW,AccountsReceivable,2024-07-31,Q,2025,Q3,2618600000.0,USD,AccountsReceivableNetCurrent,0001327567-25-000017,304fa5227730f390,https://www.sec.gov/Archives/edgar/data/1327567/000132756725000017/,10-Q,2025-05-21
PANW,AccountsReceivable,2025-10-31,Q,2026,Q1,1343000000.0,USD,AccountsReceivableNetCurrent,0001327567-25-000035,54c70d4a106decb4,https://www.sec.gov/Archives/edgar/data/1327567/000132756725000035/,10-Q,2025-11-20
PANW,AccountsReceivable,2025-07-31,Q,2026,Q1,2965000000.0,USD,AccountsReceivableNetCurrent,0001327567-25-000035,331a73332bba66fe,https://www.sec.gov/Archives/edgar/data/1327567/000132756725000035/,10-Q,2025-11-20
PANW,AccountsReceivable,2026-01-31,Q,2026,Q2,2116000000.0,USD,AccountsReceivableNetCurrent,0001327567-26-000005,dc39c6a09a57b601,https://www.sec.gov/Archives/edgar/data/1327567/000132756726000005/,10-Q,2026-02-18
PANW,AccountsReceivable,2025-07-31,Q,2026,Q2,2965000000.0,USD,AccountsReceivableNetCurrent,0001327567-26-000005,c1b2774cb7937a4c,https://www.sec.gov/Archives/edgar/data/1327567/000132756726000005/,10-Q,2026-02-18
PANW,CapEx,2022-01-31,Q,2022,Q2,39500000.0,USD,PaymentsToAcquirePropertyPlantAndEquipment,0001327567-22-000008,d15f00155dd9e90f,https://www.sec.gov/Archives/edgar/data/1327567/000132756722000008/,10-Q,2022-02-23
PANW,CapEx,2022-04-30,Q,2022,Q3,39500000.0,USD,PaymentsToAcquirePropertyPlantAndEquipment,0001327567-22-000016,69d21b7d0533ca21,https://www.sec.gov/Archives/edgar/data/1327567/000132756722000016/,10-Q,2022-05-20
PANW,Cash,2020-10-31,Q,2022,Q1,2142000000.0,USD,CashAndCashEquivalentsAtCarryingValue,0001327567-21-000040,df02cd79ac7b4622,https://www.sec.gov/Archives/edgar/data/1327567/000132756721000040/,10-Q,2021-11-19
PANW,Cash,2021-10-31,Q,2022,Q1,2272900000.0,USD,CashAndCashEquivalentsAtCarryingValue,0001327567-21-000040,27207e050834a420,https://www.sec.gov/Archives/edgar/data/1327567/000132756721000040/,10-Q,2021-11-19
PANW,Cash,2022-01-31,Q,2022,Q2,1922700000.0,USD,CashAndCashEquivalentsAtCarryingValue,0001327567-22-000008,118b4e947ac59ea2,https://www.sec.gov/Archives/edgar/data/1327567/000132756722000008/,10-Q,2022-02-23
PANW,Cash,2021-01-31,Q,2022,Q2,2113200000.0,USD,CashAndCashEquivalentsAtCarryingValue,0001327567-22-000008,a2a72ddd596d598d,https://www.sec.gov/Archives/edgar/data/1327567/000132756722000008/,10-Q,2022-02-23
PANW,Cash,2021-07-31,Q,2022,Q3,1874200000.0,USD,CashAndCashEquivalentsAtCarryingValue,0001327567-22-000016,386d89bf378d4d18,https://www.sec.gov/Archives/edgar/data/1327567/000132756722000016/,10-Q,2022-05-20
PANW,Cash,2021-04-30,Q,2022,Q3,1886100000.0,USD,CashAndCashEquivalentsAtCarryingValue,0001327567-22-000016,7af951e3b4af347d,https://www.sec.gov/Archives/edgar/data/1327567/000132756722000016/,10-Q,2022-05-20
PANW,Cash,2022-04-30,Q,2022,Q3,2419900000.0,USD,CashAndCashEquivalentsAtCarryingValue,0001327567-22-000016,50e12136b7610deb,https://www.sec.gov/Archives/edgar/data/1327567/000132756722000016/,10-Q,2022-05-20
PANW,Cash,2022-10-31,Q,2023,Q1,2067200000.0,USD,CashAndCashEquivalentsAtCarryingValue,0001327567-22-000038,b78a77b25ce0a395,https://www.sec.gov/Archives/edgar/data/1327567/000132756722000038/,10-Q,2022-11-18
PANW,Cash,2021-10-31,Q,2023,Q1,2272900000.0,USD,CashAndCashEquivalentsAtCarryingValue,0001327567-22-000038,16ed785bfe7b99ae,https://www.sec.gov/Archives/edgar/data/1327567/000132756722000038/,10-Q,2022-11-18
PANW,Cash,2023-01-31,Q,2023,Q2,1346300000.0,USD,CashAndCashEquivalentsAtCarryingValue,0001327567-23-000006,b6fe3b9459e78763,https://www.sec.gov/Archives/edgar/data/1327567/000132756723000006/,10-Q,2023-02-22
PANW,Cash,2022-01-31,Q,2023,Q2,1922700000.0,USD,CashAndCashEquivalentsAtCarryingValue,0001327567-23-000006,ec4e314a11557372,https://www.sec.gov/Archives/edgar/data/1327567/000132756723000006/,10-Q,2023-02-22
PANW,Cash,2023-04-30,Q,2023,Q3,1992900000.0,USD,CashAndCashEquivalentsAtCarryingValue,0001327567-23-000014,62fc9c961fa3e245,https://www.sec.gov/Archives/edgar/data/1327567/000132756723000014/,10-Q,2023-05-24
PANW,Cash,2022-07-31,Q,2023,Q3,2118500000.0,USD,CashAndCashEquivalentsAtCarryingValue,0001327567-23-000014,1d2bd959c53ca3ea,https://www.sec.gov/Archives/edgar/data/1327567/000132756723000014/,10-Q,2023-05-24
PANW,Cash,2022-04-30,Q,2023,Q3,2419900000.0,USD,CashAndCashEquivalentsAtCarryingValue,0001327567-23-000014,e125d2240b502556,https://www.sec.gov/Archives/edgar/data/1327567/000132756723000014/,10-Q,2023-05-24
PANW,Cash,2022-10-31,Q,2024,Q1,2067200000.0,USD,CashAndCashEquivalentsAtCarryingValue,0001327567-23-000032,291959dcacaf38ce,https://www.sec.gov/Archives/edgar/data/1327567/000132756723000032/,10-Q,2023-11-17
PANW,Cash,2023-10-31,Q,2024,Q1,2491400000.0,USD,CashAndCashEquivalentsAtCarryingValue,0001327567-23-000032,0e17275105972a44,https://www.sec.gov/Archives/edgar/data/1327567/000132756723000032/,10-Q,2023-11-17
PANW,Cash,2023-01-31,Q,2024,Q2,1346300000.0,USD,CashAndCashEquivalentsAtCarryingValue,0001327567-24-000005,8dc7440d3565a0f4,https://www.sec.gov/Archives/edgar/data/1327567/000132756724000005/,10-Q,2024-02-21
PANW,Cash,2024-01-31,Q,2024,Q2,1782500000.0,USD,CashAndCashEquivalentsAtCarryingValue,0001327567-24-000005,5062836a202ad15d,https://www.sec.gov/Archives/edgar/data/1327567/000132756724000005/,10-Q,2024-02-21
PANW,Cash,2023-07-31,Q,2024,Q3,1135300000.0,USD,CashAndCashEquivalentsAtCarryingValue,0001327567-24-000017,ed858e262b9c6779,https://www.sec.gov/Archives/edgar/data/1327567/000132756724000017/,10-Q,2024-05-21
PANW,Cash,2024-04-30,Q,2024,Q3,1373700000.0,USD,CashAndCashEquivalentsAtCarryingValue,0001327567-24-000017,979b3eea36b8d84d,https://www.sec.gov/Archives/edgar/data/1327567/000132756724000017/,10-Q,2024-05-21
PANW,Cash,2023-04-30,Q,2024,Q3,1992900000.0,USD,CashAndCashEquivalentsAtCarryingValue,0001327567-24-000017,1e49abd796ce7394,https://www.sec.gov/Archives/edgar/data/1327567/000132756724000017/,10-Q,2024-05-21
PANW,Cash,2024-10-31,Q,2025,Q1,2282800000.0,USD,CashAndCashEquivalentsAtCarryingValue,0001327567-24-000040,eb5136cae788b75b,https://www.sec.gov/Archives/edgar/data/1327567/000132756724000040/,10-Q,2024-11-21
PANW,Cash,2023-10-31,Q,2025,Q1,2491400000.0,USD,CashAndCashEquivalentsAtCarryingValue,0001327567-24-000040,72312ed91b1758cd,https://www.sec.gov/Archives/edgar/data/1327567/000132756724000040/,10-Q,2024-11-21
PANW,Cash,2024-01-31,Q,2025,Q2,1782500000.0,USD,CashAndCashEquivalentsAtCarryingValue,0001327567-25-000010,e3c50e3abc2b2729,https://www.sec.gov/Archives/edgar/data/1327567/000132756725000010/,10-Q,2025-02-14
PANW,Cash,2025-01-31,Q,2025,Q2,2226300000.0,USD,CashAndCashEquivalentsAtCarryingValue,0001327567-25-000010,434d0ef03c8088db,https://www.sec.gov/Archives/edgar/data/1327567/000132756725000010/,10-Q,2025-02-14
PANW,Cash,2024-04-30,Q,2025,Q3,1373700000.0,USD,CashAndCashEquivalentsAtCarryingValue,0001327567-25-000017,fd111f6ee612a4d6,https://www.sec.gov/Archives/edgar/data/1327567/000132756725000017/,10-Q,2025-05-21
PANW,Cash,2024-07-31,Q,2025,Q3,1535200000.0,USD,CashAndCashEquivalentsAtCarryingValue,0001327567-25-000017,ef695af5faa0df8b,https://www.sec.gov/Archives/edgar/data/1327567/000132756725000017/,10-Q,2025-05-21
PANW,Cash,2025-04-30,Q,2025,Q3,2383400000.0,USD,CashAndCashEquivalentsAtCarryingValue,0001327567-25-000017,96da7517d05bf447,https://www.sec.gov/Archives/edgar/data/1327567/000132756725000017/,10-Q,2025-05-21
PANW,Cash,2025-07-31,Q,2026,Q1,2269000000.0,USD,CashAndCashEquivalentsAtCarryingValue,0001327567-25-000035,d1d4e348d55d22e5,https://www.sec.gov/Archives/edgar/data/1327567/000132756725000035/,10-Q,2025-11-20
PANW,Cash,2024-10-31,Q,2026,Q1,2283000000.0,USD,CashAndCashEquivalentsAtCarryingValue,0001327567-25-000035,71b271dff9cc2e07,https://www.sec.gov/Archives/edgar/data/1327567/000132756725000035/,10-Q,2025-11-20
PANW,Cash,2025-10-31,Q,2026,Q1,3066000000.0,USD,CashAndCashEquivalentsAtCarryingValue,0001327567-25-000035,0761cbc76f8a45f7,https://www.sec.gov/Archives/edgar/data/1327567/000132756725000035/,10-Q,2025-11-20
PANW,Cash,2025-01-31,Q,2026,Q2,2226000000.0,USD,CashAndCashEquivalentsAtCarryingValue,0001327567-26-000005,dc5657c76014bb8e,https://www.sec.gov/Archives/edgar/data/1327567/000132756726000005/,10-Q,2026-02-18
PANW,Cash,2025-07-31,Q,2026,Q2,2269000000.0,USD,CashAndCashEquivalentsAtCarryingValue,0001327567-26-000005,b9e0549610dba5ff,https://www.sec.gov/Archives/edgar/data/1327567/000132756726000005/,10-Q,2026-02-18
PANW,Cash,2026-01-31,Q,2026,Q2,4158000000.0,USD,CashAndCashEquivalentsAtCarryingValue,0001327567-26-000005,55b5ac6799614442,https://www.sec.gov/Archives/edgar/data/1327567/000132756726000005/,10-Q,2026-02-18
PANW,CostOfRevenue,2020-10-31,Q,2022,Q1,277800000.0,USD,CostOfGoodsAndServicesSold,0001327567-21-000040,63314037809c0bb5,https://www.sec.gov/Archives/edgar/data/1327567/000132756721000040/,10-Q,2021-11-19
PANW,CostOfRevenue,2021-10-31,Q,2022,Q1,380600000.0,USD,CostOfGoodsAndServicesSold,0001327567-21-000040,8a076275719283e9,https://www.sec.gov/Archives/edgar/data/1327567/000132756721000040/,10-Q,2021-11-19
PANW,CostOfRevenue,2021-01-31,Q,2022,Q2,307600000.0,USD,CostOfGoodsAndServicesSold,0001327567-22-000008,7ac28286b4fe9155,https://www.sec.gov/Archives/edgar/data/1327567/000132756722000008/,10-Q,2022-02-23
PANW,CostOfRevenue,2021-04-30,Q,2022,Q3,330600000.0,USD,CostOfGoodsAndServicesSold,0001327567-22-000016,b82ef6342878f6a7,https://www.sec.gov/Archives/edgar/data/1327567/000132756722000016/,10-Q,2022-05-20
PANW,CostOfRevenue,2021-10-31,Q,2023,Q1,380600000.0,USD,CostOfGoodsAndServicesSold,0001327567-22-000038,8f9354bea1a3e408,https://www.sec.gov/Archives/edgar/data/1327567/000132756722000038/,10-Q,2022-11-18
PANW,CostOfRevenue,2022-10-31,Q,2023,Q1,461900000.0,USD,CostOfGoodsAndServicesSold,0001327567-22-000038,4a6893279941bd9d,https://www.sec.gov/Archives/edgar/data/1327567/000132756722000038/,10-Q,2022-11-18
PANW,CostOfRevenue,2022-01-31,Q,2023,Q2,405300000.0,USD,CostOfGoodsAndServicesSold,0001327567-23-000006,213ebd7c42cc30f9,https://www.sec.gov/Archives/edgar/data/1327567/000132756723000006/,10-Q,2023-02-22
PANW,CostOfRevenue,2022-04-30,Q,2023,Q3,440500000.0,USD,CostOfGoodsAndServicesSold,0001327567-23-000014,d29b87d82bfcc96e,https://www.sec.gov/Archives/edgar/data/1327567/000132756723000014/,10-Q,2023-05-24
PANW,CostOfRevenue,2022-10-31,Q,2024,Q1,461900000.0,USD,CostOfGoodsAndServicesSold,0001327567-23-000032,cead9029bdb0f330,https://www.sec.gov/Archives/edgar/data/1327567/000132756723000032/,10-Q,2023-11-17
PANW,CostOfRevenue,2023-10-31,Q,2024,Q1,472800000.0,USD,CostOfGoodsAndServicesSold,0001327567-23-000032,97592a8608d1df8f,https://www.sec.gov/Archives/edgar/data/1327567/000132756723000032/,10-Q,2023-11-17
PANW,CostOfRevenue,2023-01-31,Q,2024,Q2,466200000.0,USD,CostOfGoodsAndServicesSold,0001327567-24-000005,6a5f5a6547a7bae6,https://www.sec.gov/Archives/edgar/data/1327567/000132756724000005/,10-Q,2024-02-21
PANW,CostOfRevenue,2023-04-30,Q,2024,Q3,474800000.0,USD,CostOfGoodsAndServicesSold,0001327567-24-000017,f91067b5747f4c9e,https://www.sec.gov/Archives/edgar/data/1327567/000132756724000017/,10-Q,2024-05-21
PANW,CostOfRevenue,2023-10-31,Q,2025,Q1,472800000.0,USD,CostOfGoodsAndServicesSold,0001327567-24-000040,325d7e3952d43388,https://www.sec.gov/Archives/edgar/data/1327567/000132756724000040/,10-Q,2024-11-21
PANW,CostOfRevenue,2024-10-31,Q,2025,Q1,554100000.0,USD,CostOfGoodsAndServicesSold,0001327567-24-000040,83a9ef6870b2f72c,https://www.sec.gov/Archives/edgar/data/1327567/000132756724000040/,10-Q,2024-11-21
PANW,CostOfRevenue,2024-01-31,Q,2025,Q2,499100000.0,USD,CostOfGoodsAndServicesSold,0001327567-25-000010,8b42857ddd0f04f7,https://www.sec.gov/Archives/edgar/data/1327567/000132756725000010/,10-Q,2025-02-14
PANW,CostOfRevenue,2024-04-30,Q,2025,Q3,513600000.0,USD,CostOfGoodsAndServicesSold,0001327567-25-000017,59f20c864fab9930,https://www.sec.gov/Archives/edgar/data/1327567/000132756725000017/,10-Q,2025-05-21
PANW,CostOfRevenue,2025-04-30,Q,2025,Q3,619300000.0,USD,CostOfGoodsAndServicesSold,0001327567-25-000017,46677516d30315e6,https://www.sec.gov/Archives/edgar/data/1327567/000132756725000017/,10-Q,2025-05-21
PANW,CostOfRevenue,2024-10-31,Q,2026,Q1,554000000.0,USD,CostOfGoodsAndServicesSold,0001327567-25-000035,7f79251dfb231608,https://www.sec.gov/Archives/edgar/data/1327567/000132756725000035/,10-Q,2025-11-20
PANW,CostOfRevenue,2025-10-31,Q,2026,Q1,638000000.0,USD,CostOfGoodsAndServicesSold,0001327567-25-000035,8a9790174c0a66c0,https://www.sec.gov/Archives/edgar/data/1327567/000132756725000035/,10-Q,2025-11-20
PANW,CostOfRevenue,2025-01-31,Q,2026,Q2,599000000.0,USD,CostOfGoodsAndServicesSold,0001327567-26-000005,91e409734853f51b,https://www.sec.gov/Archives/edgar/data/1327567/000132756726000005/,10-Q,2026-02-18
PANW,CostOfRevenue,2026-01-31,Q,2026,Q2,685000000.0,USD,CostOfGoodsAndServicesSold,0001327567-26-000005,96d66bfae2bb01b0,https://www.sec.gov/Archives/edgar/data/1327567/000132756726000005/,10-Q,2026-02-18
PANW,DeferredRevenue,2021-10-31,Q,2022,Q1,2801600000.0,USD,ContractWithCustomerLiabilityCurrent,0001327567-21-000040,f7967c762b731b7e,https://www.sec.gov/Archives/edgar/data/1327567/000132756721000040/,10-Q,2021-11-19
PANW,DeferredRevenue,2022-01-31,Q,2022,Q2,2958200000.0,USD,ContractWithCustomerLiabilityCurrent,0001327567-22-000008,1ae4804523cae33b,https://www.sec.gov/Archives/edgar/data/1327567/000132756722000008/,10-Q,2022-02-23
PANW,DeferredRevenue,2021-07-31,Q,2022,Q3,2741900000.0,USD,ContractWithCustomerLiabilityCurrent,0001327567-22-000016,9c9dcf0761e02ed1,https://www.sec.gov/Archives/edgar/data/1327567/000132756722000016/,10-Q,2022-05-20
PANW,DeferredRevenue,2022-04-30,Q,2022,Q3,3152900000.0,USD,ContractWithCustomerLiabilityCurrent,0001327567-22-000016,70d1a629a120e4a2,https://www.sec.gov/Archives/edgar/data/1327567/000132756722000016/,10-Q,2022-05-20
PANW,DeferredRevenue,2022-10-31,Q,2023,Q1,3741300000.0,USD,ContractWithCustomerLiabilityCurrent,0001327567-22-000038,65123769025b6763,https://www.sec.gov/Archives/edgar/data/1327567/000132756722000038/,10-Q,2022-11-18
PANW,DeferredRevenue,2023-01-31,Q,2023,Q2,3942500000.0,USD,ContractWithCustomerLiabilityCurrent,0001327567-23-000006,ef4c442a631d18f3,https://www.sec.gov/Archives/edgar/data/1327567/000132756723000006/,10-Q,2023-02-22
PANW,DeferredRevenue,2022-07-31,Q,2023,Q3,3641200000.0,USD,ContractWithCustomerLiabilityCurrent,0001327567-23-000014,5ab6039a6b5c5bd1,https://www.sec.gov/Archives/edgar/data/1327567/000132756723000014/,10-Q,2023-05-24
PANW,DeferredRevenue,2023-04-30,Q,2023,Q3,4146700000.0,USD,ContractWithCustomerLiabilityCurrent,0001327567-23-000014,51a0bf68d0f77d7e,https://www.sec.gov/Archives/edgar/data/1327567/000132756723000014/,10-Q,2023-05-24
PANW,DeferredRevenue,2023-10-31,Q,2024,Q1,4732000000.0,USD,ContractWithCustomerLiabilityCurrent,0001327567-23-000032,50ae0e8b01c4a635,https://www.sec.gov/Archives/edgar/data/1327567/000132756723000032/,10-Q,2023-11-17
PANW,DeferredRevenue,2024-01-31,Q,2024,Q2,4918100000.0,USD,ContractWithCustomerLiabilityCurrent,0001327567-24-000005,f1270527a4bfcf2e,https://www.sec.gov/Archives/edgar/data/1327567/000132756724000005/,10-Q,2024-02-21
PANW,DeferredRevenue,2023-07-31,Q,2024,Q3,4674600000.0,USD,ContractWithCustomerLiabilityCurrent,0001327567-24-000017,b7b4abe0b4891377,https://www.sec.gov/Archives/edgar/data/1327567/000132756724000017/,10-Q,2024-05-21
PANW,DeferredRevenue,2024-04-30,Q,2024,Q3,5014900000.0,USD,ContractWithCustomerLiabilityCurrent,0001327567-24-000017,38c6861bd813e81d,https://www.sec.gov/Archives/edgar/data/1327567/000132756724000017/,10-Q,2024-05-21
PANW,DeferredRevenue,2024-10-31,Q,2025,Q1,5507700000.0,USD,ContractWithCustomerLiabilityCurrent,0001327567-24-000040,5b458d1594863b42,https://www.sec.gov/Archives/edgar/data/1327567/000132756724000040/,10-Q,2024-11-21
PANW,DeferredRevenue,2025-01-31,Q,2025,Q2,5599900000.0,USD,ContractWithCustomerLiabilityCurrent,0001327567-25-000010,5a28876306bcb13f,https://www.sec.gov/Archives/edgar/data/1327567/000132756725000010/,10-Q,2025-02-14
PANW,DeferredRevenue,2024-07-31,Q,2025,Q3,5541100000.0,USD,ContractWithCustomerLiabilityCurrent,0001327567-25-000017,97615ea568104d0f,https://www.sec.gov/Archives/edgar/data/1327567/000132756725000017/,10-Q,2025-05-21
PANW,DeferredRevenue,2025-04-30,Q,2025,Q3,5756800000.0,USD,ContractWithCustomerLiabilityCurrent,0001327567-25-000017,07f6fa45bf76a460,https://www.sec.gov/Archives/edgar/data/1327567/000132756725000017/,10-Q,2025-05-21
PANW,DeferredRevenue,2025-10-31,Q,2026,Q1,6132000000.0,USD,ContractWithCustomerLiabilityCurrent,0001327567-25-000035,11d9f514e8e23d85,https://www.sec.gov/Archives/edgar/data/1327567/000132756725000035/,10-Q,2025-11-20
PANW,DeferredRevenue,2025-07-31,Q,2026,Q1,6302000000.0,USD,ContractWithCustomerLiabilityCurrent,0001327567-25-000035,b3e214ec7a00d83f,https://www.sec.gov/Archives/edgar/data/1327567/000132756725000035/,10-Q,2025-11-20
PANW,DeferredRevenue,2026-01-31,Q,2026,Q2,6248000000.0,USD,ContractWithCustomerLiabilityCurrent,0001327567-26-000005,9b2fc57e303b1535,https://www.sec.gov/Archives/edgar/data/1327567/000132756726000005/,10-Q,2026-02-18
PANW,DeferredRevenue,2025-07-31,Q,2026,Q2,6302000000.0,USD,ContractWithCustomerLiabilityCurrent,0001327567-26-000005,662c59c703573127,https://www.sec.gov/Archives/edgar/data/1327567/000132756726000005/,10-Q,2026-02-18
PANW,Depreciation,2020-10-31,Q,2022,Q1,58000000.0,USD,DepreciationDepletionAndAmortization,0001327567-21-000040,0909bff9f88c3f36,https://www.sec.gov/Archives/edgar/data/1327567/000132756721000040/,10-Q,2021-11-19
PANW,Depreciation,2021-10-31,Q,2022,Q1,69000000.0,USD,DepreciationDepletionAndAmortization,0001327567-21-000040,b7c7198fa4350f4d,https://www.sec.gov/Archives/edgar/data/1327567/000132756721000040/,10-Q,2021-11-19
PANW,Depreciation,2021-01-31,Q,2022,Q2,122900000.0,USD,DepreciationDepletionAndAmortization,0001327567-22-000008,123821f5ac0a0402,https://www.sec.gov/Archives/edgar/data/1327567/000132756722000008/,10-Q,2022-02-23
PANW,Depreciation,2021-04-30,Q,2022,Q3,191600000.0,USD,DepreciationDepletionAndAmortization,0001327567-22-000016,d753629fd1974cbb,https://www.sec.gov/Archives/edgar/data/1327567/000132756722000016/,10-Q,2022-05-20
PANW,Depreciation,2021-10-31,Q,2023,Q1,69000000.0,USD,DepreciationDepletionAndAmortization,0001327567-22-000038,eb27c75c8282e36d,https://www.sec.gov/Archives/edgar/data/1327567/000132756722000038/,10-Q,2022-11-18
PANW,Depreciation,2022-10-31,Q,2023,Q1,70700000.0,USD,DepreciationDepletionAndAmortization,0001327567-22-000038,2ea803349de2e09d,https://www.sec.gov/Archives/edgar/data/1327567/000132756722000038/,10-Q,2022-11-18
PANW,Depreciation,2022-01-31,Q,2023,Q2,138700000.0,USD,DepreciationDepletionAndAmortization,0001327567-23-000006,9f65381eded1acd9,https://www.sec.gov/Archives/edgar/data/1327567/000132756723000006/,10-Q,2023-02-22
PANW,Depreciation,2022-04-30,Q,2023,Q3,210100000.0,USD,DepreciationDepletionAndAmortization,0001327567-23-000014,d08a57fe450a93cf,https://www.sec.gov/Archives/edgar/data/1327567/000132756723000014/,10-Q,2023-05-24
PANW,Depreciation,2023-10-31,Q,2024,Q1,64300000.0,USD,DepreciationDepletionAndAmortization,0001327567-23-000032,0470cbd560065f3b,https://www.sec.gov/Archives/edgar/data/1327567/000132756723000032/,10-Q,2023-11-17
PANW,Depreciation,2022-10-31,Q,2024,Q1,70700000.0,USD,DepreciationDepletionAndAmortization,0001327567-23-000032,f5a2d18c17507778,https://www.sec.gov/Archives/edgar/data/1327567/000132756723000032/,10-Q,2023-11-17
PANW,Depreciation,2023-01-31,Q,2024,Q2,140600000.0,USD,DepreciationDepletionAndAmortization,0001327567-24-000005,b1279ad6a638a6e5,https://www.sec.gov/Archives/edgar/data/1327567/000132756724000005/,10-Q,2024-02-21
PANW,Depreciation,2023-04-30,Q,2024,Q3,212900000.0,USD,DepreciationDepletionAndAmortization,0001327567-24-000017,42f5148589ddac34,https://www.sec.gov/Archives/edgar/data/1327567/000132756724000017/,10-Q,2024-05-21
PANW,Depreciation,2023-10-31,Q,2025,Q1,64300000.0,USD,DepreciationDepletionAndAmortization,0001327567-24-000040,2777b1156d23c9f4,https://www.sec.gov/Archives/edgar/data/1327567/000132756724000040/,10-Q,2024-11-21
PANW,Depreciation,2024-10-31,Q,2025,Q1,83900000.0,USD,DepreciationDepletionAndAmortization,0001327567-24-000040,6b3698d6b9082343,https://www.sec.gov/Archives/edgar/data/1327567/000132756724000040/,10-Q,2024-11-21
PANW,Depreciation,2024-01-31,Q,2025,Q2,132900000.0,USD,DepreciationDepletionAndAmortization,0001327567-25-000010,f037fa214985d8c4,https://www.sec.gov/Archives/edgar/data/1327567/000132756725000010/,10-Q,2025-02-14
PANW,Depreciation,2024-04-30,Q,2025,Q3,207200000.0,USD,DepreciationDepletionAndAmortization,0001327567-25-000017,7697dbf577daff25,https://www.sec.gov/Archives/edgar/data/1327567/000132756725000017/,10-Q,2025-05-21
PANW,Depreciation,2025-04-30,Q,2025,Q3,259600000.0,USD,DepreciationDepletionAndAmortization,0001327567-25-000017,9521836a8d0e3ef2,https://www.sec.gov/Archives/edgar/data/1327567/000132756725000017/,10-Q,2025-05-21
PANW,Depreciation,2024-10-31,Q,2026,Q1,84000000.0,USD,DepreciationDepletionAndAmortization,0001327567-25-000035,5ba2d65c835ebddc,https://www.sec.gov/Archives/edgar/data/1327567/000132756725000035/,10-Q,2025-11-20
PANW,Depreciation,2025-10-31,Q,2026,Q1,89000000.0,USD,DepreciationDepletionAndAmortization,0001327567-25-000035,66d81b5bbbbf2ac4,https://www.sec.gov/Archives/edgar/data/1327567/000132756725000035/,10-Q,2025-11-20
PANW,Depreciation,2025-01-31,Q,2026,Q2,171000000.0,USD,DepreciationDepletionAndAmortization,0001327567-26-000005,de2646cb8069f68a,https://www.sec.gov/Archives/edgar/data/1327567/000132756726000005/,10-Q,2026-02-18
PANW,Depreciation,2026-01-31,Q,2026,Q2,180000000.0,USD,DepreciationDepletionAndAmortization,0001327567-26-000005,efb57891bfe4d45d,https://www.sec.gov/Archives/edgar/data/1327567/000132756726000005/,10-Q,2026-02-18
PANW,FinancingCashFlow,2021-10-31,Q,2022,Q1,38700000.0,USD,NetCashProvidedByUsedInFinancingActivities,0001327567-21-000040,941b8b4890d7f482,https://www.sec.gov/Archives/edgar/data/1327567/000132756721000040/,10-Q,2021-11-19
PANW,FinancingCashFlow,2020-10-31,Q,2022,Q1,-464500000.0,USD,NetCashProvidedByUsedInFinancingActivities,0001327567-21-000040,f8ba5bd106d75cb9,https://www.sec.gov/Archives/edgar/data/1327567/000132756721000040/,10-Q,2021-11-19
PANW,FinancingCashFlow,2021-01-31,Q,2022,Q2,-469900000.0,USD,NetCashProvidedByUsedInFinancingActivities,0001327567-22-000008,e017d1b8c022ba6e,https://www.sec.gov/Archives/edgar/data/1327567/000132756722000008/,10-Q,2022-02-23
PANW,FinancingCashFlow,2021-04-30,Q,2022,Q3,-768400000.0,USD,NetCashProvidedByUsedInFinancingActivities,0001327567-22-000016,064ffb57d039eb24,https://www.sec.gov/Archives/edgar/data/1327567/000132756722000016/,10-Q,2022-05-20
PANW,FinancingCashFlow,2022-10-31,Q,2023,Q1,31100000.0,USD,NetCashProvidedByUsedInFinancingActivities,0001327567-22-000038,7139b05a905cbcb8,https://www.sec.gov/Archives/edgar/data/1327567/000132756722000038/,10-Q,2022-11-18
PANW,FinancingCashFlow,2021-10-31,Q,2023,Q1,38700000.0,USD,NetCashProvidedByUsedInFinancingActivities,0001327567-22-000038,f2425fe058dc6050,https://www.sec.gov/Archives/edgar/data/1327567/000132756722000038/,10-Q,2022-11-18
PANW,FinancingCashFlow,2022-01-31,Q,2023,Q2,-519800000.0,USD,NetCashProvidedByUsedInFinancingActivities,0001327567-23-000006,ec3d40b2201eddda,https://www.sec.gov/Archives/edgar/data/1327567/000132756723000006/,10-Q,2023-02-22
PANW,FinancingCashFlow,2022-04-30,Q,2023,Q3,-453500000.0,USD,NetCashProvidedByUsedInFinancingActivities,0001327567-23-000014,3cab82f12801d121,https://www.sec.gov/Archives/edgar/data/1327567/000132756723000014/,10-Q,2023-05-24
PANW,FinancingCashFlow,2022-10-31,Q,2024,Q1,31100000.0,USD,NetCashProvidedByUsedInFinancingActivities,0001327567-23-000032,25c2bc8a1189c85e,https://www.sec.gov/Archives/edgar/data/1327567/000132756723000032/,10-Q,2023-11-17
PANW,FinancingCashFlow,2023-10-31,Q,2024,Q1,-41800000.0,USD,NetCashProvidedByUsedInFinancingActivities,0001327567-23-000032,dc4a21c078db2aa4,https://www.sec.gov/Archives/edgar/data/1327567/000132756723000032/,10-Q,2023-11-17
PANW,FinancingCashFlow,2023-01-31,Q,2024,Q2,-219700000.0,USD,NetCashProvidedByUsedInFinancingActivities,0001327567-24-000005,35812e057137a286,https://www.sec.gov/Archives/edgar/data/1327567/000132756724000005/,10-Q,2024-02-21
PANW,FinancingCashFlow,2023-04-30,Q,2024,Q3,-91500000.0,USD,NetCashProvidedByUsedInFinancingActivities,0001327567-24-000017,c73697d2275c7002,https://www.sec.gov/Archives/edgar/data/1327567/000132756724000017/,10-Q,2024-05-21
PANW,FinancingCashFlow,2023-10-31,Q,2025,Q1,-41800000.0,USD,NetCashProvidedByUsedInFinancingActivities,0001327567-24-000040,ecd970c6320b5b1e,https://www.sec.gov/Archives/edgar/data/1327567/000132756724000040/,10-Q,2024-11-21
PANW,FinancingCashFlow,2024-10-31,Q,2025,Q1,-219700000.0,USD,NetCashProvidedByUsedInFinancingActivities,0001327567-24-000040,25b9c4d2305ab9e2,https://www.sec.gov/Archives/edgar/data/1327567/000132756724000040/,10-Q,2024-11-21
PANW,FinancingCashFlow,2024-01-31,Q,2025,Q2,-114400000.0,USD,NetCashProvidedByUsedInFinancingActivities,0001327567-25-000010,ebd252edd3180d77,https://www.sec.gov/Archives/edgar/data/1327567/000132756725000010/,10-Q,2025-02-14
PANW,FinancingCashFlow,2025-04-30,Q,2025,Q3,-404800000.0,USD,NetCashProvidedByUsedInFinancingActivities,0001327567-25-000017,e69648e163daddcb,https://www.sec.gov/Archives/edgar/data/1327567/000132756725000017/,10-Q,2025-05-21
PANW,FinancingCashFlow,2024-04-30,Q,2025,Q3,-1163800000.0,USD,NetCashProvidedByUsedInFinancingActivities,0001327567-25-000017,4a57c76bed785d80,https://www.sec.gov/Archives/edgar/data/1327567/000132756725000017/,10-Q,2025-05-21
PANW,FinancingCashFlow,2025-10-31,Q,2026,Q1,8000000.0,USD,NetCashProvidedByUsedInFinancingActivities,0001327567-25-000035,2fe0fb5ec2f04303,https://www.sec.gov/Archives/edgar/data/1327567/000132756725000035/,10-Q,2025-11-20
PANW,FinancingCashFlow,2024-10-31,Q,2026,Q1,-220000000.0,USD,NetCashProvidedByUsedInFinancingActivities,0001327567-25-000035,c9fa63c270e9891b,https://www.sec.gov/Archives/edgar/data/1327567/000132756725000035/,10-Q,2025-11-20
PANW,FinancingCashFlow,2026-01-31,Q,2026,Q2,-106000000.0,USD,NetCashProvidedByUsedInFinancingActivities,0001327567-26-000005,439ef4ed55a096af,https://www.sec.gov/Archives/edgar/data/1327567/000132756726000005/,10-Q,2026-02-18
PANW,FinancingCashFlow,2025-01-31,Q,2026,Q2,-452000000.0,USD,NetCashProvidedByUsedInFinancingActivities,0001327567-26-000005,660884acfafb8b1a,https://www.sec.gov/Archives/edgar/data/1327567/000132756726000005/,10-Q,2026-02-18
PANW,GrossProfit,2020-10-31,Q,2022,Q1,668200000.0,USD,GrossProfit,0001327567-21-000040,f3a245121e19d1b9,https://www.sec.gov/Archives/edgar/data/1327567/000132756721000040/,10-Q,2021-11-19
PANW,GrossProfit,2021-10-31,Q,2022,Q1,866800000.0,USD,GrossProfit,0001327567-21-000040,ce893822ee6de2ae,https://www.sec.gov/Archives/edgar/data/1327567/000132756721000040/,10-Q,2021-11-19
PANW,GrossProfit,2021-01-31,Q,2022,Q2,709300000.0,USD,GrossProfit,0001327567-22-000008,c7045460b509b705,https://www.sec.gov/Archives/edgar/data/1327567/000132756722000008/,10-Q,2022-02-23
PANW,GrossProfit,2021-04-30,Q,2022,Q3,743300000.0,USD,GrossProfit,0001327567-22-000016,2f91b516a121baba,https://www.sec.gov/Archives/edgar/data/1327567/000132756722000016/,10-Q,2022-05-20
PANW,GrossProfit,2021-10-31,Q,2023,Q1,866800000.0,USD,GrossProfit,0001327567-22-000038,2f6f8ddb0d485081,https://www.sec.gov/Archives/edgar/data/1327567/000132756722000038/,10-Q,2022-11-18
PANW,GrossProfit,2022-10-31,Q,2023,Q1,1101500000.0,USD,GrossProfit,0001327567-22-000038,ef87635e6dfd6fa5,https://www.sec.gov/Archives/edgar/data/1327567/000132756722000038/,10-Q,2022-11-18
PANW,GrossProfit,2022-01-31,Q,2023,Q2,911600000.0,USD,GrossProfit,0001327567-23-000006,9405ee9e317fe8b0,https://www.sec.gov/Archives/edgar/data/1327567/000132756723000006/,10-Q,2023-02-22
PANW,GrossProfit,2022-04-30,Q,2023,Q3,946200000.0,USD,GrossProfit,0001327567-23-000014,0524ec3cdad25b11,https://www.sec.gov/Archives/edgar/data/1327567/000132756723000014/,10-Q,2023-05-24
PANW,GrossProfit,2022-10-31,Q,2024,Q1,1101500000.0,USD,GrossProfit,0001327567-23-000032,7c26c31493b85e6c,https://www.sec.gov/Archives/edgar/data/1327567/000132756723000032/,10-Q,2023-11-17
PANW,GrossProfit,2023-10-31,Q,2024,Q1,1405300000.0,USD,GrossProfit,0001327567-23-000032,993fbe77999b8f64,https://www.sec.gov/Archives/edgar/data/1327567/000132756723000032/,10-Q,2023-11-17
PANW,GrossProfit,2023-01-31,Q,2024,Q2,1188900000.0,USD,GrossProfit,0001327567-24-000005,0e26cc6b948ace95,https://www.sec.gov/Archives/edgar/data/1327567/000132756724000005/,10-Q,2024-02-21
PANW,GrossProfit,2023-04-30,Q,2024,Q3,1246100000.0,USD,GrossProfit,0001327567-24-000017,a4b459c6f89afd91,https://www.sec.gov/Archives/edgar/data/1327567/000132756724000017/,10-Q,2024-05-21
PANW,GrossProfit,2023-10-31,Q,2025,Q1,1405300000.0,USD,GrossProfit,0001327567-24-000040,72046996464271d2,https://www.sec.gov/Archives/edgar/data/1327567/000132756724000040/,10-Q,2024-11-21
PANW,GrossProfit,2024-10-31,Q,2025,Q1,1584700000.0,USD,GrossProfit,0001327567-24-000040,bbe3f765737e9007,https://www.sec.gov/Archives/edgar/data/1327567/000132756724000040/,10-Q,2024-11-21
PANW,GrossProfit,2024-01-31,Q,2025,Q2,1476000000.0,USD,GrossProfit,0001327567-25-000010,a250b52cee80dff3,https://www.sec.gov/Archives/edgar/data/1327567/000132756725000010/,10-Q,2025-02-14
PANW,GrossProfit,2024-04-30,Q,2025,Q3,1471200000.0,USD,GrossProfit,0001327567-25-000017,b0e3dc53d38650c8,https://www.sec.gov/Archives/edgar/data/1327567/000132756725000017/,10-Q,2025-05-21
PANW,GrossProfit,2025-04-30,Q,2025,Q3,1669700000.0,USD,GrossProfit,0001327567-25-000017,eebc2b780cc6ade9,https://www.sec.gov/Archives/edgar/data/1327567/000132756725000017/,10-Q,2025-05-21
PANW,GrossProfit,2024-10-31,Q,2026,Q1,1585000000.0,USD,GrossProfit,0001327567-25-000035,d8d3c72c74b9afd0,https://www.sec.gov/Archives/edgar/data/1327567/000132756725000035/,10-Q,2025-11-20
PANW,GrossProfit,2025-10-31,Q,2026,Q1,1836000000.0,USD,GrossProfit,0001327567-25-000035,8e377127945d3f4f,https://www.sec.gov/Archives/edgar/data/1327567/000132756725000035/,10-Q,2025-11-20
PANW,GrossProfit,2025-01-31,Q,2026,Q2,1658000000.0,USD,GrossProfit,0001327567-26-000005,6756ab8bd00d009e,https://www.sec.gov/Archives/edgar/data/1327567/000132756726000005/,10-Q,2026-02-18
PANW,GrossProfit,2026-01-31,Q,2026,Q2,1909000000.0,USD,GrossProfit,0001327567-26-000005,b04278707e8d0914,https://www.sec.gov/Archives/edgar/data/1327567/000132756726000005/,10-Q,2026-02-18
PANW,InvestingCashFlow,2021-10-31,Q,2022,Q1,-229900000.0,USD,NetCashProvidedByUsedInInvestingActivities,0001327567-21-000040,381e21a233fa16c6,https://www.sec.gov/Archives/edgar/data/1327567/000132756721000040/,10-Q,2021-11-19
PANW,InvestingCashFlow,2020-10-31,Q,2022,Q1,-886200000.0,USD,NetCashProvidedByUsedInInvestingActivities,0001327567-21-000040,8eed38d9d616264d,https://www.sec.gov/Archives/edgar/data/1327567/000132756721000040/,10-Q,2021-11-19
PANW,InvestingCashFlow,2021-01-31,Q,2022,Q2,-1270600000.0,USD,NetCashProvidedByUsedInInvestingActivities,0001327567-22-000008,22452386b4e41f04,https://www.sec.gov/Archives/edgar/data/1327567/000132756722000008/,10-Q,2022-02-23
PANW,InvestingCashFlow,2021-04-30,Q,2022,Q3,-1478200000.0,USD,NetCashProvidedByUsedInInvestingActivities,0001327567-22-000016,55347dff9ae89b0a,https://www.sec.gov/Archives/edgar/data/1327567/000132756722000016/,10-Q,2022-05-20
PANW,InvestingCashFlow,2021-10-31,Q,2023,Q1,-229900000.0,USD,NetCashProvidedByUsedInInvestingActivities,0001327567-22-000038,8a993ba430c608bb,https://www.sec.gov/Archives/edgar/data/1327567/000132756722000038/,10-Q,2022-11-18
PANW,InvestingCashFlow,2022-10-31,Q,2023,Q1,-1319800000.0,USD,NetCashProvidedByUsedInInvestingActivities,0001327567-22-000038,a892f933253c6dfa,https://www.sec.gov/Archives/edgar/data/1327567/000132756722000038/,10-Q,2022-11-18
PANW,InvestingCashFlow,2022-01-31,Q,2023,Q2,-504200000.0,USD,NetCashProvidedByUsedInInvestingActivities,0001327567-23-000006,7860008abc95dfab,https://www.sec.gov/Archives/edgar/data/1327567/000132756723000006/,10-Q,2023-02-22
PANW,InvestingCashFlow,2022-04-30,Q,2023,Q3,-461300000.0,USD,NetCashProvidedByUsedInInvestingActivities,0001327567-23-000014,7b4bc0b1b7df457c,https://www.sec.gov/Archives/edgar/data/1327567/000132756723000014/,10-Q,2023-05-24
PANW,InvestingCashFlow,2023-10-31,Q,2024,Q1,-129000000.0,USD,NetCashProvidedByUsedInInvestingActivities,0001327567-23-000032,c4d15729968da920,https://www.sec.gov/Archives/edgar/data/1327567/000132756723000032/,10-Q,2023-11-17
PANW,InvestingCashFlow,2022-10-31,Q,2024,Q1,-1319800000.0,USD,NetCashProvidedByUsedInInvestingActivities,0001327567-23-000032,a99291c1ac83119a,https://www.sec.gov/Archives/edgar/data/1327567/000132756723000032/,10-Q,2023-11-17
PANW,InvestingCashFlow,2023-01-31,Q,2024,Q2,-2484300000.0,USD,NetCashProvidedByUsedInInvestingActivities,0001327567-24-000005,a7ad0017692613d0,https://www.sec.gov/Archives/edgar/data/1327567/000132756724000005/,10-Q,2024-02-21
PANW,InvestingCashFlow,2023-04-30,Q,2024,Q3,-2396400000.0,USD,NetCashProvidedByUsedInInvestingActivities,0001327567-24-000017,bcbb54f0b421ff92,https://www.sec.gov/Archives/edgar/data/1327567/000132756724000017/,10-Q,2024-05-21
PANW,InvestingCashFlow,2023-10-31,Q,2025,Q1,-129000000.0,USD,NetCashProvidedByUsedInInvestingActivities,0001327567-24-000040,3cdd9b4b43bc4cb1,https://www.sec.gov/Archives/edgar/data/1327567/000132756724000040/,10-Q,2024-11-21
PANW,InvestingCashFlow,2024-10-31,Q,2025,Q1,-543800000.0,USD,NetCashProvidedByUsedInInvestingActivities,0001327567-24-000040,5adc8e4e7084e30a,https://www.sec.gov/Archives/edgar/data/1327567/000132756724000040/,10-Q,2024-11-21
PANW,InvestingCashFlow,2024-01-31,Q,2025,Q2,-1454500000.0,USD,NetCashProvidedByUsedInInvestingActivities,0001327567-25-000010,01e02512c2bbad65,https://www.sec.gov/Archives/edgar/data/1327567/000132756725000010/,10-Q,2025-02-14
PANW,InvestingCashFlow,2024-04-30,Q,2025,Q3,-1341400000.0,USD,NetCashProvidedByUsedInInvestingActivities,0001327567-25-000017,c78ba2cb346067d6,https://www.sec.gov/Archives/edgar/data/1327567/000132756725000017/,10-Q,2025-05-21
PANW,InvestingCashFlow,2025-04-30,Q,2025,Q3,-1442200000.0,USD,NetCashProvidedByUsedInInvestingActivities,0001327567-25-000017,47194705ff165551,https://www.sec.gov/Archives/edgar/data/1327567/000132756725000017/,10-Q,2025-05-21
PANW,InvestingCashFlow,2024-10-31,Q,2026,Q1,-544000000.0,USD,NetCashProvidedByUsedInInvestingActivities,0001327567-25-000035,7271798c849b98bb,https://www.sec.gov/Archives/edgar/data/1327567/000132756725000035/,10-Q,2025-11-20
PANW,InvestingCashFlow,2025-10-31,Q,2026,Q1,-983000000.0,USD,NetCashProvidedByUsedInInvestingActivities,0001327567-25-000035,b3b1b13be813a92b,https://www.sec.gov/Archives/edgar/data/1327567/000132756725000035/,10-Q,2025-11-20
PANW,InvestingCashFlow,2026-01-31,Q,2026,Q2,-332000000.0,USD,NetCashProvidedByUsedInInvestingActivities,0001327567-26-000005,04c87e863f33b2ee,https://www.sec.gov/Archives/edgar/data/1327567/000132756726000005/,10-Q,2026-02-18
PANW,InvestingCashFlow,2025-01-31,Q,2026,Q2,-925000000.0,USD,NetCashProvidedByUsedInInvestingActivities,0001327567-26-000005,2fbd0b05e87e74ca,https://www.sec.gov/Archives/edgar/data/1327567/000132756726000005/,10-Q,2026-02-18
PANW,NetIncome,2020-10-31,Q,2022,Q1,-92200000.0,USD,NetIncomeLoss,0001327567-21-000040,7b3ca01455e952b1,https://www.sec.gov/Archives/edgar/data/1327567/000132756721000040/,10-Q,2021-11-19
PANW,NetIncome,2021-10-31,Q,2022,Q1,-103600000.0,USD,NetIncomeLoss,0001327567-21-000040,45c5bd4dccbfe3f4,https://www.sec.gov/Archives/edgar/data/1327567/000132756721000040/,10-Q,2021-11-19
PANW,NetIncome,2021-01-31,Q,2022,Q2,-142300000.0,USD,NetIncomeLoss,0001327567-22-000008,c5764c3db0678678,https://www.sec.gov/Archives/edgar/data/1327567/000132756722000008/,10-Q,2022-02-23
PANW,NetIncome,2021-04-30,Q,2022,Q3,-145100000.0,USD,NetIncomeLoss,0001327567-22-000016,662efb48e618ad96,https://www.sec.gov/Archives/edgar/data/1327567/000132756722000016/,10-Q,2022-05-20
PANW,NetIncome,2022-10-31,Q,2023,Q1,20000000.0,USD,NetIncomeLoss,0001327567-22-000038,5760d00b0fba456f,https://www.sec.gov/Archives/edgar/data/1327567/000132756722000038/,10-Q,2022-11-18
PANW,NetIncome,2021-10-31,Q,2023,Q1,-103600000.0,USD,NetIncomeLoss,0001327567-22-000038,4c1e77c4c6aa7998,https://www.sec.gov/Archives/edgar/data/1327567/000132756722000038/,10-Q,2022-11-18
PANW,NetIncome,2022-01-31,Q,2023,Q2,-93500000.0,USD,NetIncomeLoss,0001327567-23-000006,2b6a478d068dd91c,https://www.sec.gov/Archives/edgar/data/1327567/000132756723000006/,10-Q,2023-02-22
PANW,NetIncome,2022-04-30,Q,2023,Q3,-73200000.0,USD,NetIncomeLoss,0001327567-23-000014,5223ab5346260442,https://www.sec.gov/Archives/edgar/data/1327567/000132756723000014/,10-Q,2023-05-24
PANW,NetIncome,2022-10-31,Q,2024,Q1,20000000.0,USD,NetIncomeLoss,0001327567-23-000032,0237460a473b91c7,https://www.sec.gov/Archives/edgar/data/1327567/000132756723000032/,10-Q,2023-11-17
PANW,NetIncome,2023-10-31,Q,2024,Q1,194200000.0,USD,NetIncomeLoss,0001327567-23-000032,d8baf7d1e2174888,https://www.sec.gov/Archives/edgar/data/1327567/000132756723000032/,10-Q,2023-11-17
PANW,NetIncome,2023-01-31,Q,2024,Q2,84200000.0,USD,NetIncomeLoss,0001327567-24-000005,850348ebb56b506a,https://www.sec.gov/Archives/edgar/data/1327567/000132756724000005/,10-Q,2024-02-21
PANW,NetIncome,2023-04-30,Q,2024,Q3,107800000.0,USD,NetIncomeLoss,0001327567-24-000017,d72763d93b486f03,https://www.sec.gov/Archives/edgar/data/1327567/000132756724000017/,10-Q,2024-05-21
PANW,NetIncome,2023-10-31,Q,2025,Q1,194200000.0,USD,NetIncomeLoss,0001327567-24-000040,d4b5a9dce316bff3,https://www.sec.gov/Archives/edgar/data/1327567/000132756724000040/,10-Q,2024-11-21
PANW,NetIncome,2024-10-31,Q,2025,Q1,350700000.0,USD,NetIncomeLoss,0001327567-24-000040,f92e3bfb32d264c4,https://www.sec.gov/Archives/edgar/data/1327567/000132756724000040/,10-Q,2024-11-21
PANW,NetIncome,2024-01-31,Q,2025,Q2,1746900000.0,USD,NetIncomeLoss,0001327567-25-000010,4713ea8d28a91346,https://www.sec.gov/Archives/edgar/data/1327567/000132756725000010/,10-Q,2025-02-14
PANW,NetIncome,2025-04-30,Q,2025,Q3,262100000.0,USD,NetIncomeLoss,0001327567-25-000017,4bfffd4fc90ce304,https://www.sec.gov/Archives/edgar/data/1327567/000132756725000017/,10-Q,2025-05-21
PANW,NetIncome,2024-04-30,Q,2025,Q3,278800000.0,USD,NetIncomeLoss,0001327567-25-000017,f65958954f7b2e94,https://www.sec.gov/Archives/edgar/data/1327567/000132756725000017/,10-Q,2025-05-21
PANW,NetIncome,2025-10-31,Q,2026,Q1,334000000.0,USD,NetIncomeLoss,0001327567-25-000035,fb66021c49abffd5,https://www.sec.gov/Archives/edgar/data/1327567/000132756725000035/,10-Q,2025-11-20
PANW,NetIncome,2024-10-31,Q,2026,Q1,351000000.0,USD,NetIncomeLoss,0001327567-25-000035,a6586e4448480675,https://www.sec.gov/Archives/edgar/data/1327567/000132756725000035/,10-Q,2025-11-20
PANW,NetIncome,2025-01-31,Q,2026,Q2,267000000.0,USD,NetIncomeLoss,0001327567-26-000005,bb844099a281624f,https://www.sec.gov/Archives/edgar/data/1327567/000132756726000005/,10-Q,2026-02-18
PANW,NetIncome,2026-01-31,Q,2026,Q2,432000000.0,USD,NetIncomeLoss,0001327567-26-000005,597d8c7176950331,https://www.sec.gov/Archives/edgar/data/1327567/000132756726000005/,10-Q,2026-02-18
PANW,OperatingCashFlow,2020-10-31,Q,2022,Q1,534900000.0,USD,NetCashProvidedByUsedInOperatingActivities,0001327567-21-000040,98810dd8e9da4243,https://www.sec.gov/Archives/edgar/data/1327567/000132756721000040/,10-Q,2021-11-19
PANW,OperatingCashFlow,2021-10-31,Q,2022,Q1,588900000.0,USD,NetCashProvidedByUsedInOperatingActivities,0001327567-21-000040,8e4d67bc6dea3113,https://www.sec.gov/Archives/edgar/data/1327567/000132756721000040/,10-Q,2021-11-19
PANW,OperatingCashFlow,2021-01-31,Q,2022,Q2,899400000.0,USD,NetCashProvidedByUsedInOperatingActivities,0001327567-22-000008,3d89f6884506c4f6,https://www.sec.gov/Archives/edgar/data/1327567/000132756722000008/,10-Q,2022-02-23
PANW,OperatingCashFlow,2021-04-30,Q,2022,Q3,1177200000.0,USD,NetCashProvidedByUsedInOperatingActivities,0001327567-22-000016,a6945fc7f2167e4a,https://www.sec.gov/Archives/edgar/data/1327567/000132756722000016/,10-Q,2022-05-20
PANW,OperatingCashFlow,2021-10-31,Q,2023,Q1,588900000.0,USD,NetCashProvidedByUsedInOperatingActivities,0001327567-22-000038,eb59dc3055cf7911,https://www.sec.gov/Archives/edgar/data/1327567/000132756722000038/,10-Q,2022-11-18
PANW,OperatingCashFlow,2022-10-31,Q,2023,Q1,1236700000.0,USD,NetCashProvidedByUsedInOperatingActivities,0001327567-22-000038,8beb8467a08afd74,https://www.sec.gov/Archives/edgar/data/1327567/000132756722000038/,10-Q,2022-11-18
PANW,OperatingCashFlow,2022-01-31,Q,2023,Q2,1071500000.0,USD,NetCashProvidedByUsedInOperatingActivities,0001327567-23-000006,31e1562ff4a22f7d,https://www.sec.gov/Archives/edgar/data/1327567/000132756723000006/,10-Q,2023-02-22
PANW,OperatingCashFlow,2022-04-30,Q,2023,Q3,1461000000.0,USD,NetCashProvidedByUsedInOperatingActivities,0001327567-23-000014,aab6a54d6a5d05f3,https://www.sec.gov/Archives/edgar/data/1327567/000132756723000014/,10-Q,2023-05-24
PANW,OperatingCashFlow,2022-10-31,Q,2024,Q1,1236700000.0,USD,NetCashProvidedByUsedInOperatingActivities,0001327567-23-000032,f37f7637838a5994,https://www.sec.gov/Archives/edgar/data/1327567/000132756723000032/,10-Q,2023-11-17
PANW,OperatingCashFlow,2023-10-31,Q,2024,Q1,1526000000.0,USD,NetCashProvidedByUsedInOperatingActivities,0001327567-23-000032,2f7539ff5fafb760,https://www.sec.gov/Archives/edgar/data/1327567/000132756723000032/,10-Q,2023-11-17
PANW,OperatingCashFlow,2023-01-31,Q,2024,Q2,1931300000.0,USD,NetCashProvidedByUsedInOperatingActivities,0001327567-24-000005,400cc22026b5537c,https://www.sec.gov/Archives/edgar/data/1327567/000132756724000005/,10-Q,2024-02-21
PANW,OperatingCashFlow,2023-04-30,Q,2024,Q3,2363400000.0,USD,NetCashProvidedByUsedInOperatingActivities,0001327567-24-000017,1d7682a11c1af11a,https://www.sec.gov/Archives/edgar/data/1327567/000132756724000017/,10-Q,2024-05-21
PANW,OperatingCashFlow,2024-10-31,Q,2025,Q1,1509600000.0,USD,NetCashProvidedByUsedInOperatingActivities,0001327567-24-000040,13fedbaa3fbad438,https://www.sec.gov/Archives/edgar/data/1327567/000132756724000040/,10-Q,2024-11-21
PANW,OperatingCashFlow,2023-10-31,Q,2025,Q1,1526000000.0,USD,NetCashProvidedByUsedInOperatingActivities,0001327567-24-000040,5c32c32fbc84acec,https://www.sec.gov/Archives/edgar/data/1327567/000132756724000040/,10-Q,2024-11-21
PANW,OperatingCashFlow,2024-01-31,Q,2025,Q2,2216000000.0,USD,NetCashProvidedByUsedInOperatingActivities,0001327567-25-000010,45eed7ecfcf69e51,https://www.sec.gov/Archives/edgar/data/1327567/000132756725000010/,10-Q,2025-02-14
PANW,OperatingCashFlow,2025-04-30,Q,2025,Q3,2695200000.0,USD,NetCashProvidedByUsedInOperatingActivities,0001327567-25-000017,8bb177c88df971a3,https://www.sec.gov/Archives/edgar/data/1327567/000132756725000017/,10-Q,2025-05-21
PANW,OperatingCashFlow,2024-04-30,Q,2025,Q3,2744900000.0,USD,NetCashProvidedByUsedInOperatingActivities,0001327567-25-000017,7694395b099a92f2,https://www.sec.gov/Archives/edgar/data/1327567/000132756725000017/,10-Q,2025-05-21
PANW,OperatingCashFlow,2024-10-31,Q,2026,Q1,1510000000.0,USD,NetCashProvidedByUsedInOperatingActivities,0001327567-25-000035,ccaed680af9e0aae,https://www.sec.gov/Archives/edgar/data/1327567/000132756725000035/,10-Q,2025-11-20
PANW,OperatingCashFlow,2025-10-31,Q,2026,Q1,1771000000.0,USD,NetCashProvidedByUsedInOperatingActivities,0001327567-25-000035,7efdbe2c4255e154,https://www.sec.gov/Archives/edgar/data/1327567/000132756725000035/,10-Q,2025-11-20
PANW,OperatingCashFlow,2025-01-31,Q,2026,Q2,2067000000.0,USD,NetCashProvidedByUsedInOperatingActivities,0001327567-26-000005,2669849d1528ef9d,https://www.sec.gov/Archives/edgar/data/1327567/000132756726000005/,10-Q,2026-02-18
PANW,OperatingCashFlow,2026-01-31,Q,2026,Q2,2325000000.0,USD,NetCashProvidedByUsedInOperatingActivities,0001327567-26-000005,da683800e1aef099,https://www.sec.gov/Archives/edgar/data/1327567/000132756726000005/,10-Q,2026-02-18
PANW,OperatingExpenses,2020-10-31,Q,2022,Q1,712700000.0,USD,OperatingExpenses,0001327567-21-000040,fa1f4fd9db287328,https://www.sec.gov/Archives/edgar/data/1327567/000132756721000040/,10-Q,2021-11-19
PANW,OperatingExpenses,2021-10-31,Q,2022,Q1,949500000.0,USD,OperatingExpenses,0001327567-21-000040,1322afe8c4323c77,https://www.sec.gov/Archives/edgar/data/1327567/000132756721000040/,10-Q,2021-11-19
PANW,OperatingExpenses,2021-01-31,Q,2022,Q2,798100000.0,USD,OperatingExpenses,0001327567-22-000008,2e4d5e56a31eaf9a,https://www.sec.gov/Archives/edgar/data/1327567/000132756722000008/,10-Q,2022-02-23
PANW,OperatingExpenses,2021-04-30,Q,2022,Q3,853700000.0,USD,OperatingExpenses,0001327567-22-000016,1a168e7cf24a8046,https://www.sec.gov/Archives/edgar/data/1327567/000132756722000016/,10-Q,2022-05-20
PANW,OperatingExpenses,2021-10-31,Q,2023,Q1,949500000.0,USD,OperatingExpenses,0001327567-22-000038,e6fb04748f4fb181,https://www.sec.gov/Archives/edgar/data/1327567/000132756722000038/,10-Q,2022-11-18
PANW,OperatingExpenses,2022-10-31,Q,2023,Q1,1086300000.0,USD,OperatingExpenses,0001327567-22-000038,433f612b498d69ab,https://www.sec.gov/Archives/edgar/data/1327567/000132756722000038/,10-Q,2022-11-18
PANW,OperatingExpenses,2022-01-31,Q,2023,Q2,985500000.0,USD,OperatingExpenses,0001327567-23-000006,2c238b1e8a3c431a,https://www.sec.gov/Archives/edgar/data/1327567/000132756723000006/,10-Q,2023-02-22
PANW,OperatingExpenses,2022-04-30,Q,2023,Q3,993800000.0,USD,OperatingExpenses,0001327567-23-000014,b0141b2d88bdb0ca,https://www.sec.gov/Archives/edgar/data/1327567/000132756723000014/,10-Q,2023-05-24
PANW,OperatingExpenses,2022-10-31,Q,2024,Q1,1086300000.0,USD,OperatingExpenses,0001327567-23-000032,0712d9e6f2774de5,https://www.sec.gov/Archives/edgar/data/1327567/000132756723000032/,10-Q,2023-11-17
PANW,OperatingExpenses,2023-10-31,Q,2024,Q1,1190100000.0,USD,OperatingExpenses,0001327567-23-000032,0e7c92b2456cee59,https://www.sec.gov/Archives/edgar/data/1327567/000132756723000032/,10-Q,2023-11-17
PANW,OperatingExpenses,2023-01-31,Q,2024,Q2,1149000000.0,USD,OperatingExpenses,0001327567-24-000005,e29846bb5c9ac6b5,https://www.sec.gov/Archives/edgar/data/1327567/000132756724000005/,10-Q,2024-02-21
PANW,OperatingExpenses,2023-04-30,Q,2024,Q3,1167400000.0,USD,OperatingExpenses,0001327567-24-000017,82663316f94028c0,https://www.sec.gov/Archives/edgar/data/1327567/000132756724000017/,10-Q,2024-05-21
PANW,OperatingExpenses,2023-10-31,Q,2025,Q1,1190100000.0,USD,OperatingExpenses,0001327567-24-000040,47038b9a3b5a0883,https://www.sec.gov/Archives/edgar/data/1327567/000132756724000040/,10-Q,2024-11-21
PANW,OperatingExpenses,2024-10-31,Q,2025,Q1,1298200000.0,USD,OperatingExpenses,0001327567-24-000040,978da73c69d41d0d,https://www.sec.gov/Archives/edgar/data/1327567/000132756724000040/,10-Q,2024-11-21
PANW,OperatingExpenses,2024-01-31,Q,2025,Q2,1422400000.0,USD,OperatingExpenses,0001327567-25-000010,761318dd759e82fd,https://www.sec.gov/Archives/edgar/data/1327567/000132756725000010/,10-Q,2025-02-14
PANW,OperatingExpenses,2024-04-30,Q,2025,Q3,1294500000.0,USD,OperatingExpenses,0001327567-25-000017,5b874eec18160952,https://www.sec.gov/Archives/edgar/data/1327567/000132756725000017/,10-Q,2025-05-21
PANW,OperatingExpenses,2025-04-30,Q,2025,Q3,1450900000.0,USD,OperatingExpenses,0001327567-25-000017,a6a8a386d12cc482,https://www.sec.gov/Archives/edgar/data/1327567/000132756725000017/,10-Q,2025-05-21
PANW,OperatingExpenses,2024-10-31,Q,2026,Q1,1299000000.0,USD,OperatingExpenses,0001327567-25-000035,537a3fce0645e1d4,https://www.sec.gov/Archives/edgar/data/1327567/000132756725000035/,10-Q,2025-11-20
PANW,OperatingExpenses,2025-10-31,Q,2026,Q1,1527000000.0,USD,OperatingExpenses,0001327567-25-000035,38513383a01d029f,https://www.sec.gov/Archives/edgar/data/1327567/000132756725000035/,10-Q,2025-11-20
PANW,OperatingExpenses,2025-01-31,Q,2026,Q2,1417000000.0,USD,OperatingExpenses,0001327567-26-000005,20a66d1ace4e16e5,https://www.sec.gov/Archives/edgar/data/1327567/000132756726000005/,10-Q,2026-02-18
PANW,OperatingExpenses,2026-01-31,Q,2026,Q2,1512000000.0,USD,OperatingExpenses,0001327567-26-000005,7b48ee3cf7724ff7,https://www.sec.gov/Archives/edgar/data/1327567/000132756726000005/,10-Q,2026-02-18
PANW,OperatingIncome,2020-10-31,Q,2022,Q1,-44500000.0,USD,OperatingIncomeLoss,0001327567-21-000040,0bb67ba9c962c2a7,https://www.sec.gov/Archives/edgar/data/1327567/000132756721000040/,10-Q,2021-11-19
PANW,OperatingIncome,2021-10-31,Q,2022,Q1,-82700000.0,USD,OperatingIncomeLoss,0001327567-21-000040,59118f994572f32f,https://www.sec.gov/Archives/edgar/data/1327567/000132756721000040/,10-Q,2021-11-19
PANW,OperatingIncome,2021-01-31,Q,2022,Q2,-88800000.0,USD,OperatingIncomeLoss,0001327567-22-000008,3c08f1312f900cf6,https://www.sec.gov/Archives/edgar/data/1327567/000132756722000008/,10-Q,2022-02-23
PANW,OperatingIncome,2021-04-30,Q,2022,Q3,-110400000.0,USD,OperatingIncomeLoss,0001327567-22-000016,66d9089faf415158,https://www.sec.gov/Archives/edgar/data/1327567/000132756722000016/,10-Q,2022-05-20
PANW,OperatingIncome,2022-10-31,Q,2023,Q1,15200000.0,USD,OperatingIncomeLoss,0001327567-22-000038,05171c174636cd34,https://www.sec.gov/Archives/edgar/data/1327567/000132756722000038/,10-Q,2022-11-18
PANW,OperatingIncome,2021-10-31,Q,2023,Q1,-82700000.0,USD,OperatingIncomeLoss,0001327567-22-000038,1765709fd2b02d66,https://www.sec.gov/Archives/edgar/data/1327567/000132756722000038/,10-Q,2022-11-18
PANW,OperatingIncome,2022-01-31,Q,2023,Q2,-73900000.0,USD,OperatingIncomeLoss,0001327567-23-000006,6d200c2b3f581a0f,https://www.sec.gov/Archives/edgar/data/1327567/000132756723000006/,10-Q,2023-02-22
PANW,OperatingIncome,2022-04-30,Q,2023,Q3,-47600000.0,USD,OperatingIncomeLoss,0001327567-23-000014,53ec3018ade7307e,https://www.sec.gov/Archives/edgar/data/1327567/000132756723000014/,10-Q,2023-05-24
PANW,OperatingIncome,2022-10-31,Q,2024,Q1,15200000.0,USD,OperatingIncomeLoss,0001327567-23-000032,bd812f582b577081,https://www.sec.gov/Archives/edgar/data/1327567/000132756723000032/,10-Q,2023-11-17
PANW,OperatingIncome,2023-10-31,Q,2024,Q1,215200000.0,USD,OperatingIncomeLoss,0001327567-23-000032,16709a84b0477f4c,https://www.sec.gov/Archives/edgar/data/1327567/000132756723000032/,10-Q,2023-11-17
PANW,OperatingIncome,2023-01-31,Q,2024,Q2,39900000.0,USD,OperatingIncomeLoss,0001327567-24-000005,43c6b10370073f9d,https://www.sec.gov/Archives/edgar/data/1327567/000132756724000005/,10-Q,2024-02-21
PANW,OperatingIncome,2023-04-30,Q,2024,Q3,78700000.0,USD,OperatingIncomeLoss,0001327567-24-000017,5cd37da0c20cd788,https://www.sec.gov/Archives/edgar/data/1327567/000132756724000017/,10-Q,2024-05-21
PANW,OperatingIncome,2023-10-31,Q,2025,Q1,215200000.0,USD,OperatingIncomeLoss,0001327567-24-000040,aee1db4de77588ed,https://www.sec.gov/Archives/edgar/data/1327567/000132756724000040/,10-Q,2024-11-21
PANW,OperatingIncome,2024-10-31,Q,2025,Q1,286500000.0,USD,OperatingIncomeLoss,0001327567-24-000040,0f52e971ca90b331,https://www.sec.gov/Archives/edgar/data/1327567/000132756724000040/,10-Q,2024-11-21
PANW,OperatingIncome,2024-01-31,Q,2025,Q2,53600000.0,USD,OperatingIncomeLoss,0001327567-25-000010,e7173b1c6f9e5818,https://www.sec.gov/Archives/edgar/data/1327567/000132756725000010/,10-Q,2025-02-14
PANW,OperatingIncome,2024-04-30,Q,2025,Q3,176700000.0,USD,OperatingIncomeLoss,0001327567-25-000017,8bc99761ce1237f8,https://www.sec.gov/Archives/edgar/data/1327567/000132756725000017/,10-Q,2025-05-21
PANW,OperatingIncome,2025-04-30,Q,2025,Q3,218800000.0,USD,OperatingIncomeLoss,0001327567-25-000017,e5ace542734e4e75,https://www.sec.gov/Archives/edgar/data/1327567/000132756725000017/,10-Q,2025-05-21
PANW,OperatingIncome,2024-10-31,Q,2026,Q1,286000000.0,USD,OperatingIncomeLoss,0001327567-25-000035,baef277c88b468fd,https://www.sec.gov/Archives/edgar/data/1327567/000132756725000035/,10-Q,2025-11-20
PANW,OperatingIncome,2025-10-31,Q,2026,Q1,309000000.0,USD,OperatingIncomeLoss,0001327567-25-000035,888f5b984561e7ea,https://www.sec.gov/Archives/edgar/data/1327567/000132756725000035/,10-Q,2025-11-20
PANW,OperatingIncome,2025-01-31,Q,2026,Q2,241000000.0,USD,OperatingIncomeLoss,0001327567-26-000005,5afe5f25ebed895f,https://www.sec.gov/Archives/edgar/data/1327567/000132756726000005/,10-Q,2026-02-18
PANW,OperatingIncome,2026-01-31,Q,2026,Q2,397000000.0,USD,OperatingIncomeLoss,0001327567-26-000005,d787ff985b653ff3,https://www.sec.gov/Archives/edgar/data/1327567/000132756726000005/,10-Q,2026-02-18
PANW,ResearchAndDevelopment,2020-10-31,Q,2022,Q1,237400000.0,USD,ResearchAndDevelopmentExpense,0001327567-21-000040,d2f802a43f7144fc,https://www.sec.gov/Archives/edgar/data/1327567/000132756721000040/,10-Q,2021-11-19
PANW,ResearchAndDevelopment,2021-10-31,Q,2022,Q1,339500000.0,USD,ResearchAndDevelopmentExpense,0001327567-21-000040,755bedb40656d3f0,https://www.sec.gov/Archives/edgar/data/1327567/000132756721000040/,10-Q,2021-11-19
PANW,ResearchAndDevelopment,2021-01-31,Q,2022,Q2,266700000.0,USD,ResearchAndDevelopmentExpense,0001327567-22-000008,0d9d688788a994e2,https://www.sec.gov/Archives/edgar/data/1327567/000132756722000008/,10-Q,2022-02-23
PANW,ResearchAndDevelopment,2021-04-30,Q,2022,Q3,311000000.0,USD,ResearchAndDevelopmentExpense,0001327567-22-000016,8faf5ef0efe2d34e,https://www.sec.gov/Archives/edgar/data/1327567/000132756722000016/,10-Q,2022-05-20
PANW,ResearchAndDevelopment,2021-10-31,Q,2023,Q1,339500000.0,USD,ResearchAndDevelopmentExpense,0001327567-22-000038,60d48e9731f0dcd3,https://www.sec.gov/Archives/edgar/data/1327567/000132756722000038/,10-Q,2022-11-18
PANW,ResearchAndDevelopment,2022-10-31,Q,2023,Q1,371800000.0,USD,ResearchAndDevelopmentExpense,0001327567-22-000038,90b4097ee58c4a48,https://www.sec.gov/Archives/edgar/data/1327567/000132756722000038/,10-Q,2022-11-18
PANW,ResearchAndDevelopment,2022-01-31,Q,2023,Q2,359000000.0,USD,ResearchAndDevelopmentExpense,0001327567-23-000006,aec08a0dad422efd,https://www.sec.gov/Archives/edgar/data/1327567/000132756723000006/,10-Q,2023-02-22
PANW,ResearchAndDevelopment,2022-04-30,Q,2023,Q3,355400000.0,USD,ResearchAndDevelopmentExpense,0001327567-23-000014,1deeca35c9fb50fe,https://www.sec.gov/Archives/edgar/data/1327567/000132756723000014/,10-Q,2023-05-24
PANW,ResearchAndDevelopment,2022-10-31,Q,2024,Q1,371800000.0,USD,ResearchAndDevelopmentExpense,0001327567-23-000032,41562de4e8bfb0d9,https://www.sec.gov/Archives/edgar/data/1327567/000132756723000032/,10-Q,2023-11-17
PANW,ResearchAndDevelopment,2023-10-31,Q,2024,Q1,409500000.0,USD,ResearchAndDevelopmentExpense,0001327567-23-000032,7750ffcbe4f43abb,https://www.sec.gov/Archives/edgar/data/1327567/000132756723000032/,10-Q,2023-11-17
PANW,ResearchAndDevelopment,2023-01-31,Q,2024,Q2,404100000.0,USD,ResearchAndDevelopmentExpense,0001327567-24-000005,38049897c2c35ad3,https://www.sec.gov/Archives/edgar/data/1327567/000132756724000005/,10-Q,2024-02-21
PANW,ResearchAndDevelopment,2023-04-30,Q,2024,Q3,413700000.0,USD,ResearchAndDevelopmentExpense,0001327567-24-000017,1fafbbb4f4555882,https://www.sec.gov/Archives/edgar/data/1327567/000132756724000017/,10-Q,2024-05-21
PANW,ResearchAndDevelopment,2023-10-31,Q,2025,Q1,409500000.0,USD,ResearchAndDevelopmentExpense,0001327567-24-000040,81ffc22d833cd97f,https://www.sec.gov/Archives/edgar/data/1327567/000132756724000040/,10-Q,2024-11-21
PANW,ResearchAndDevelopment,2024-10-31,Q,2025,Q1,480400000.0,USD,ResearchAndDevelopmentExpense,0001327567-24-000040,30afd8d0bb72e6dd,https://www.sec.gov/Archives/edgar/data/1327567/000132756724000040/,10-Q,2024-11-21
PANW,ResearchAndDevelopment,2024-01-31,Q,2025,Q2,447900000.0,USD,ResearchAndDevelopmentExpense,0001327567-25-000010,a11a2606a4580a6b,https://www.sec.gov/Archives/edgar/data/1327567/000132756725000010/,10-Q,2025-02-14
PANW,ResearchAndDevelopment,2024-04-30,Q,2025,Q3,457200000.0,USD,ResearchAndDevelopmentExpense,0001327567-25-000017,f6a0402c8c9e445e,https://www.sec.gov/Archives/edgar/data/1327567/000132756725000017/,10-Q,2025-05-21
PANW,ResearchAndDevelopment,2025-04-30,Q,2025,Q3,494500000.0,USD,ResearchAndDevelopmentExpense,0001327567-25-000017,c5d4d3f2d6ff9152,https://www.sec.gov/Archives/edgar/data/1327567/000132756725000017/,10-Q,2025-05-21
PANW,ResearchAndDevelopment,2024-10-31,Q,2026,Q1,481000000.0,USD,ResearchAndDevelopmentExpense,0001327567-25-000035,49c5031afa9c64b1,https://www.sec.gov/Archives/edgar/data/1327567/000132756725000035/,10-Q,2025-11-20
PANW,ResearchAndDevelopment,2025-10-31,Q,2026,Q1,528000000.0,USD,ResearchAndDevelopmentExpense,0001327567-25-000035,3088f55689031ee9,https://www.sec.gov/Archives/edgar/data/1327567/000132756725000035/,10-Q,2025-11-20
PANW,ResearchAndDevelopment,2025-01-31,Q,2026,Q2,505000000.0,USD,ResearchAndDevelopmentExpense,0001327567-26-000005,27eb4b2de4d7cf88,https://www.sec.gov/Archives/edgar/data/1327567/000132756726000005/,10-Q,2026-02-18
PANW,ResearchAndDevelopment,2026-01-31,Q,2026,Q2,511000000.0,USD,ResearchAndDevelopmentExpense,0001327567-26-000005,44667f10beec903d,https://www.sec.gov/Archives/edgar/data/1327567/000132756726000005/,10-Q,2026-02-18
PANW,Revenue,2020-10-31,Q,2022,Q1,946000000.0,USD,RevenueFromContractWithCustomerExcludingAssessedTax,0001327567-21-000040,a4ca701843a78ac0,https://www.sec.gov/Archives/edgar/data/1327567/000132756721000040/,10-Q,2021-11-19
PANW,Revenue,2021-10-31,Q,2022,Q1,1247400000.0,USD,RevenueFromContractWithCustomerExcludingAssessedTax,0001327567-21-000040,9018fb3e0098b116,https://www.sec.gov/Archives/edgar/data/1327567/000132756721000040/,10-Q,2021-11-19
PANW,Revenue,2021-01-31,Q,2022,Q2,1016900000.0,USD,RevenueFromContractWithCustomerExcludingAssessedTax,0001327567-22-000008,c87b21729c53bb93,https://www.sec.gov/Archives/edgar/data/1327567/000132756722000008/,10-Q,2022-02-23
PANW,Revenue,2021-04-30,Q,2022,Q3,1073900000.0,USD,RevenueFromContractWithCustomerExcludingAssessedTax,0001327567-22-000016,512414c242d4cb58,https://www.sec.gov/Archives/edgar/data/1327567/000132756722000016/,10-Q,2022-05-20
PANW,Revenue,2021-10-31,Q,2023,Q1,1247400000.0,USD,RevenueFromContractWithCustomerExcludingAssessedTax,0001327567-22-000038,4fab8a6f57f78550,https://www.sec.gov/Archives/edgar/data/1327567/000132756722000038/,10-Q,2022-11-18
PANW,Revenue,2022-10-31,Q,2023,Q1,1563400000.0,USD,RevenueFromContractWithCustomerExcludingAssessedTax,0001327567-22-000038,615952a1c3dbf6cc,https://www.sec.gov/Archives/edgar/data/1327567/000132756722000038/,10-Q,2022-11-18
PANW,Revenue,2022-01-31,Q,2023,Q2,1316900000.0,USD,RevenueFromContractWithCustomerExcludingAssessedTax,0001327567-23-000006,4f56503f9cc7942c,https://www.sec.gov/Archives/edgar/data/1327567/000132756723000006/,10-Q,2023-02-22
PANW,Revenue,2022-04-30,Q,2023,Q3,1386700000.0,USD,RevenueFromContractWithCustomerExcludingAssessedTax,0001327567-23-000014,e8844d1e8a3e02f0,https://www.sec.gov/Archives/edgar/data/1327567/000132756723000014/,10-Q,2023-05-24
PANW,Revenue,2022-10-31,Q,2024,Q1,1563400000.0,USD,RevenueFromContractWithCustomerExcludingAssessedTax,0001327567-23-000032,6aa75ad165185d12,https://www.sec.gov/Archives/edgar/data/1327567/000132756723000032/,10-Q,2023-11-17
PANW,Revenue,2023-10-31,Q,2024,Q1,1878100000.0,USD,RevenueFromContractWithCustomerExcludingAssessedTax,0001327567-23-000032,1ae43b3e02cb1b7c,https://www.sec.gov/Archives/edgar/data/1327567/000132756723000032/,10-Q,2023-11-17
PANW,Revenue,2023-01-31,Q,2024,Q2,1655100000.0,USD,RevenueFromContractWithCustomerExcludingAssessedTax,0001327567-24-000005,7d19cab148678fcf,https://www.sec.gov/Archives/edgar/data/1327567/000132756724000005/,10-Q,2024-02-21
PANW,Revenue,2023-04-30,Q,2024,Q3,1720900000.0,USD,RevenueFromContractWithCustomerExcludingAssessedTax,0001327567-24-000017,10829e58186d6641,https://www.sec.gov/Archives/edgar/data/1327567/000132756724000017/,10-Q,2024-05-21
PANW,Revenue,2023-10-31,Q,2025,Q1,1878100000.0,USD,RevenueFromContractWithCustomerExcludingAssessedTax,0001327567-24-000040,46941241651c0459,https://www.sec.gov/Archives/edgar/data/1327567/000132756724000040/,10-Q,2024-11-21
PANW,Revenue,2024-10-31,Q,2025,Q1,2138800000.0,USD,RevenueFromContractWithCustomerExcludingAssessedTax,0001327567-24-000040,fb84279cd6cae8b5,https://www.sec.gov/Archives/edgar/data/1327567/000132756724000040/,10-Q,2024-11-21
PANW,Revenue,2024-01-31,Q,2025,Q2,1975100000.0,USD,RevenueFromContractWithCustomerExcludingAssessedTax,0001327567-25-000010,cebf1cc7205b8b5e,https://www.sec.gov/Archives/edgar/data/1327567/000132756725000010/,10-Q,2025-02-14
PANW,Revenue,2024-04-30,Q,2025,Q3,1984800000.0,USD,RevenueFromContractWithCustomerExcludingAssessedTax,0001327567-25-000017,a8d39c18e167049e,https://www.sec.gov/Archives/edgar/data/1327567/000132756725000017/,10-Q,2025-05-21
PANW,Revenue,2025-04-30,Q,2025,Q3,2289000000.0,USD,RevenueFromContractWithCustomerExcludingAssessedTax,0001327567-25-000017,f0dc0834c68e6426,https://www.sec.gov/Archives/edgar/data/1327567/000132756725000017/,10-Q,2025-05-21
PANW,Revenue,2024-10-31,Q,2026,Q1,2139000000.0,USD,RevenueFromContractWithCustomerExcludingAssessedTax,0001327567-25-000035,270cb4bd97a39ca9,https://www.sec.gov/Archives/edgar/data/1327567/000132756725000035/,10-Q,2025-11-20
PANW,Revenue,2025-10-31,Q,2026,Q1,2474000000.0,USD,RevenueFromContractWithCustomerExcludingAssessedTax,0001327567-25-000035,351ccbad86c886a7,https://www.sec.gov/Archives/edgar/data/1327567/000132756725000035/,10-Q,2025-11-20
PANW,Revenue,2025-01-31,Q,2026,Q2,2257000000.0,USD,RevenueFromContractWithCustomerExcludingAssessedTax,0001327567-26-000005,9f64525ff77c11b6,https://www.sec.gov/Archives/edgar/data/1327567/000132756726000005/,10-Q,2026-02-18
PANW,Revenue,2026-01-31,Q,2026,Q2,2594000000.0,USD,RevenueFromContractWithCustomerExcludingAssessedTax,0001327567-26-000005,7861f4e2d17e1946,https://www.sec.gov/Archives/edgar/data/1327567/000132756726000005/,10-Q,2026-02-18
PANW,StockBasedCompensation,2020-10-31,Q,2022,Q1,205800000.0,USD,ShareBasedCompensation,0001327567-21-000040,cd7e970d2cbc057a,https://www.sec.gov/Archives/edgar/data/1327567/000132756721000040/,10-Q,2021-11-19
PANW,StockBasedCompensation,2021-10-31,Q,2022,Q1,259100000.0,USD,ShareBasedCompensation,0001327567-21-000040,314d18b959ff7ced,https://www.sec.gov/Archives/edgar/data/1327567/000132756721000040/,10-Q,2021-11-19
PANW,StockBasedCompensation,2021-01-31,Q,2022,Q2,431400000.0,USD,ShareBasedCompensation,0001327567-22-000008,521e510642b25206,https://www.sec.gov/Archives/edgar/data/1327567/000132756722000008/,10-Q,2022-02-23
PANW,StockBasedCompensation,2021-04-30,Q,2022,Q3,664500000.0,USD,ShareBasedCompensation,0001327567-22-000016,bb0ec47339bbd73f,https://www.sec.gov/Archives/edgar/data/1327567/000132756722000016/,10-Q,2022-05-20
PANW,StockBasedCompensation,2021-10-31,Q,2023,Q1,259100000.0,USD,ShareBasedCompensation,0001327567-22-000038,06ddc54a84d84948,https://www.sec.gov/Archives/edgar/data/1327567/000132756722000038/,10-Q,2022-11-18
PANW,StockBasedCompensation,2022-10-31,Q,2023,Q1,266000000.0,USD,ShareBasedCompensation,0001327567-22-000038,d746c7db9ef300d7,https://www.sec.gov/Archives/edgar/data/1327567/000132756722000038/,10-Q,2022-11-18
PANW,StockBasedCompensation,2022-01-31,Q,2023,Q2,524200000.0,USD,ShareBasedCompensation,0001327567-23-000006,4c63293c3fb8c976,https://www.sec.gov/Archives/edgar/data/1327567/000132756723000006/,10-Q,2023-02-22
PANW,StockBasedCompensation,2022-04-30,Q,2023,Q3,771500000.0,USD,ShareBasedCompensation,0001327567-23-000014,013948de66dd63c2,https://www.sec.gov/Archives/edgar/data/1327567/000132756723000014/,10-Q,2023-05-24
PANW,StockBasedCompensation,2022-10-31,Q,2024,Q1,266000000.0,USD,ShareBasedCompensation,0001327567-23-000032,7d0a4a22232ee0b1,https://www.sec.gov/Archives/edgar/data/1327567/000132756723000032/,10-Q,2023-11-17
PANW,StockBasedCompensation,2023-10-31,Q,2024,Q1,271000000.0,USD,ShareBasedCompensation,0001327567-23-000032,4ad108341129f70f,https://www.sec.gov/Archives/edgar/data/1327567/000132756723000032/,10-Q,2023-11-17
PANW,StockBasedCompensation,2023-01-31,Q,2024,Q2,549300000.0,USD,ShareBasedCompensation,0001327567-24-000005,13a5f351f04c1eb3,https://www.sec.gov/Archives/edgar/data/1327567/000132756724000005/,10-Q,2024-02-21
PANW,StockBasedCompensation,2023-04-30,Q,2024,Q3,820300000.0,USD,ShareBasedCompensation,0001327567-24-000017,ab734e117a0e238e,https://www.sec.gov/Archives/edgar/data/1327567/000132756724000017/,10-Q,2024-05-21
PANW,StockBasedCompensation,2023-10-31,Q,2025,Q1,271000000.0,USD,ShareBasedCompensation,0001327567-24-000040,fd062ed22cf68c29,https://www.sec.gov/Archives/edgar/data/1327567/000132756724000040/,10-Q,2024-11-21
PANW,StockBasedCompensation,2024-10-31,Q,2025,Q1,294300000.0,USD,ShareBasedCompensation,0001327567-24-000040,4ac01e8d1baeef35,https://www.sec.gov/Archives/edgar/data/1327567/000132756724000040/,10-Q,2024-11-21
PANW,StockBasedCompensation,2024-01-31,Q,2025,Q2,543000000.0,USD,ShareBasedCompensation,0001327567-25-000010,c7ebeb12c7109b4e,https://www.sec.gov/Archives/edgar/data/1327567/000132756725000010/,10-Q,2025-02-14
PANW,StockBasedCompensation,2024-04-30,Q,2025,Q3,806500000.0,USD,ShareBasedCompensation,0001327567-25-000017,2ca06d35510e56d5,https://www.sec.gov/Archives/edgar/data/1327567/000132756725000017/,10-Q,2025-05-21
PANW,StockBasedCompensation,2025-04-30,Q,2025,Q3,940700000.0,USD,ShareBasedCompensation,0001327567-25-000017,7ec2f63fb4f52c3f,https://www.sec.gov/Archives/edgar/data/1327567/000132756725000017/,10-Q,2025-05-21
PANW,StockBasedCompensation,2024-10-31,Q,2026,Q1,295000000.0,USD,ShareBasedCompensation,0001327567-25-000035,427f78f8fc2dc44c,https://www.sec.gov/Archives/edgar/data/1327567/000132756725000035/,10-Q,2025-11-20
PANW,StockBasedCompensation,2025-10-31,Q,2026,Q1,370000000.0,USD,ShareBasedCompensation,0001327567-25-000035,d62b4e0d834613d5,https://www.sec.gov/Archives/edgar/data/1327567/000132756725000035/,10-Q,2025-11-20
PANW,StockBasedCompensation,2025-01-31,Q,2026,Q2,615000000.0,USD,ShareBasedCompensation,0001327567-26-000005,55d50d093a6f27a0,https://www.sec.gov/Archives/edgar/data/1327567/000132756726000005/,10-Q,2026-02-18
PANW,StockBasedCompensation,2026-01-31,Q,2026,Q2,671000000.0,USD,ShareBasedCompensation,0001327567-26-000005,a75c3a3eaf006b12,https://www.sec.gov/Archives/edgar/data/1327567/000132756726000005/,10-Q,2026-02-18
PANW,TotalAssets,2021-10-31,Q,2022,Q1,10426400000.0,USD,Assets,0001327567-21-000040,0f7f35a8cd2b33ef,https://www.sec.gov/Archives/edgar/data/1327567/000132756721000040/,10-Q,2021-11-19
PANW,TotalAssets,2022-01-31,Q,2022,Q2,10400500000.0,USD,Assets,0001327567-22-000008,6f181c029e3edd3d,https://www.sec.gov/Archives/edgar/data/1327567/000132756722000008/,10-Q,2022-02-23
PANW,TotalAssets,2021-07-31,Q,2022,Q3,10241600000.0,USD,Assets,0001327567-22-000016,71cfaaff1ffb10d3,https://www.sec.gov/Archives/edgar/data/1327567/000132756722000016/,10-Q,2022-05-20
PANW,TotalAssets,2022-04-30,Q,2022,Q3,11100000000.0,USD,Assets,0001327567-22-000016,bc9b713c095a4267,https://www.sec.gov/Archives/edgar/data/1327567/000132756722000016/,10-Q,2022-05-20
PANW,TotalAssets,2022-10-31,Q,2023,Q1,12543800000.0,USD,Assets,0001327567-22-000038,75de0c8b3d1349d7,https://www.sec.gov/Archives/edgar/data/1327567/000132756722000038/,10-Q,2022-11-18
PANW,TotalAssets,2023-01-31,Q,2023,Q2,13163400000.0,USD,Assets,0001327567-23-000006,f1e18a7e948be53b,https://www.sec.gov/Archives/edgar/data/1327567/000132756723000006/,10-Q,2023-02-22
PANW,TotalAssets,2022-07-31,Q,2023,Q3,12253600000.0,USD,Assets,0001327567-23-000014,a0923df9178ea14c,https://www.sec.gov/Archives/edgar/data/1327567/000132756723000014/,10-Q,2023-05-24
PANW,TotalAssets,2023-04-30,Q,2023,Q3,14170500000.0,USD,Assets,0001327567-23-000014,9c14ed290ed100db,https://www.sec.gov/Archives/edgar/data/1327567/000132756723000014/,10-Q,2023-05-24
PANW,TotalAssets,2023-10-31,Q,2024,Q1,14808500000.0,USD,Assets,0001327567-23-000032,e53fce6c3d20639c,https://www.sec.gov/Archives/edgar/data/1327567/000132756723000032/,10-Q,2023-11-17
PANW,TotalAssets,2024-01-31,Q,2024,Q2,18292000000.0,USD,Assets,0001327567-24-000005,acc24276a6c0152a,https://www.sec.gov/Archives/edgar/data/1327567/000132756724000005/,10-Q,2024-02-21
PANW,TotalAssets,2023-07-31,Q,2024,Q3,14501100000.0,USD,Assets,0001327567-24-000017,ffc34b5147b20818,https://www.sec.gov/Archives/edgar/data/1327567/000132756724000017/,10-Q,2024-05-21
PANW,TotalAssets,2024-04-30,Q,2024,Q3,17930800000.0,USD,Assets,0001327567-24-000017,b1bfbfd5908c4dc4,https://www.sec.gov/Archives/edgar/data/1327567/000132756724000017/,10-Q,2024-05-21
PANW,TotalAssets,2024-10-31,Q,2025,Q1,20374600000.0,USD,Assets,0001327567-24-000040,41d61d4bb63716d0,https://www.sec.gov/Archives/edgar/data/1327567/000132756724000040/,10-Q,2024-11-21
PANW,TotalAssets,2025-01-31,Q,2025,Q2,20951700000.0,USD,Assets,0001327567-25-000010,6a77854b30940aef,https://www.sec.gov/Archives/edgar/data/1327567/000132756725000010/,10-Q,2025-02-14
PANW,TotalAssets,2024-07-31,Q,2025,Q3,19990900000.0,USD,Assets,0001327567-25-000017,a5cd8cffe8007c43,https://www.sec.gov/Archives/edgar/data/1327567/000132756725000017/,10-Q,2025-05-21
PANW,TotalAssets,2025-04-30,Q,2025,Q3,22002800000.0,USD,Assets,0001327567-25-000017,e3dab6e1e01d098c,https://www.sec.gov/Archives/edgar/data/1327567/000132756725000017/,10-Q,2025-05-21
PANW,TotalAssets,2025-10-31,Q,2026,Q1,23536000000.0,USD,Assets,0001327567-25-000035,f001ec77b6ae4398,https://www.sec.gov/Archives/edgar/data/1327567/000132756725000035/,10-Q,2025-11-20
PANW,TotalAssets,2025-07-31,Q,2026,Q1,23576000000.0,USD,Assets,0001327567-25-000035,9e47e4564415e51d,https://www.sec.gov/Archives/edgar/data/1327567/000132756725000035/,10-Q,2025-11-20
PANW,TotalAssets,2025-07-31,Q,2026,Q2,23576000000.0,USD,Assets,0001327567-26-000005,d1c50d2a42053683,https://www.sec.gov/Archives/edgar/data/1327567/000132756726000005/,10-Q,2026-02-18
PANW,TotalAssets,2026-01-31,Q,2026,Q2,24979000000.0,USD,Assets,0001327567-26-000005,05dc62420524f552,https://www.sec.gov/Archives/edgar/data/1327567/000132756726000005/,10-Q,2026-02-18
PANW,TotalEquity,2021-10-31,Q,2022,Q1,518900000.0,USD,StockholdersEquity,0001327567-21-000040,79f22e7f770008a6,https://www.sec.gov/Archives/edgar/data/1327567/000132756721000040/,10-Q,2021-11-19
PANW,TotalEquity,2022-01-31,Q,2022,Q2,117800000.0,USD,StockholdersEquity,0001327567-22-000008,03b6f52bb065ab28,https://www.sec.gov/Archives/edgar/data/1327567/000132756722000008/,10-Q,2022-02-23
PANW,TotalEquity,2022-04-30,Q,2022,Q3,337600000.0,USD,StockholdersEquity,0001327567-22-000016,542262a4214b6801,https://www.sec.gov/Archives/edgar/data/1327567/000132756722000016/,10-Q,2022-05-20
PANW,TotalEquity,2021-07-31,Q,2022,Q3,634500000.0,USD,StockholdersEquity,0001327567-22-000016,9f591415c642763e,https://www.sec.gov/Archives/edgar/data/1327567/000132756722000016/,10-Q,2022-05-20
PANW,TotalEquity,2022-10-31,Q,2023,Q1,508000000.0,USD,StockholdersEquity,0001327567-22-000038,b413e0858fd32fb9,https://www.sec.gov/Archives/edgar/data/1327567/000132756722000038/,10-Q,2022-11-18
PANW,TotalEquity,2023-01-31,Q,2023,Q2,729000000.0,USD,StockholdersEquity,0001327567-23-000006,3971907406fe05ef,https://www.sec.gov/Archives/edgar/data/1327567/000132756723000006/,10-Q,2023-02-22
PANW,TotalEquity,2022-07-31,Q,2023,Q3,210000000.0,USD,StockholdersEquity,0001327567-23-000014,a0d5dcd6a00732e7,https://www.sec.gov/Archives/edgar/data/1327567/000132756723000014/,10-Q,2023-05-24
PANW,TotalEquity,2023-04-30,Q,2023,Q3,1232400000.0,USD,StockholdersEquity,0001327567-23-000014,46706d99ced7d265,https://www.sec.gov/Archives/edgar/data/1327567/000132756723000014/,10-Q,2023-05-24
PANW,TotalEquity,2024-04-30,Q,2024,Q3,4467800000.0,USD,StockholdersEquity,0001327567-24-000017,415ba5d2b9f1c190,https://www.sec.gov/Archives/edgar/data/1327567/000132756724000017/,10-Q,2024-05-21
PANW,TotalEquity,2023-10-31,Q,2025,Q1,2170500000.0,USD,StockholdersEquity,0001327567-24-000040,75868f993ff3ddea,https://www.sec.gov/Archives/edgar/data/1327567/000132756724000040/,10-Q,2024-11-21
PANW,TotalEquity,2023-10-31,Q,2025,Q2,2170500000.0,USD,StockholdersEquity,0001327567-25-000010,b5e1b13e13e9a347,https://www.sec.gov/Archives/edgar/data/1327567/000132756725000010/,10-Q,2025-02-14
PANW,TotalEquity,2024-01-31,Q,2025,Q2,4357200000.0,USD,StockholdersEquity,0001327567-25-000010,a448a58cd6a87967,https://www.sec.gov/Archives/edgar/data/1327567/000132756725000010/,10-Q,2025-02-14
PANW,TotalEquity,2023-07-31,Q,2025,Q3,1748400000.0,USD,StockholdersEquity,0001327567-25-000017,3da0feba1bdd7303,https://www.sec.gov/Archives/edgar/data/1327567/000132756725000017/,10-Q,2025-05-21
PANW,TotalEquity,2024-01-31,Q,2025,Q3,4357200000.0,USD,StockholdersEquity,0001327567-25-000017,9126ad209a366e09,https://www.sec.gov/Archives/edgar/data/1327567/000132756725000017/,10-Q,2025-05-21
PANW,TotalEquity,2024-04-30,Q,2025,Q3,4467800000.0,USD,StockholdersEquity,0001327567-25-000017,66b244e3ef936bbf,https://www.sec.gov/Archives/edgar/data/1327567/000132756725000017/,10-Q,2025-05-21
PANW,TotalEquity,2025-01-31,Q,2025,Q3,6375300000.0,USD,StockholdersEquity,0001327567-25-000017,8645f35d02fd9bed,https://www.sec.gov/Archives/edgar/data/1327567/000132756725000017/,10-Q,2025-05-21
PANW,TotalEquity,2025-04-30,Q,2025,Q3,7230500000.0,USD,StockholdersEquity,0001327567-25-000017,27103c0991643d86,https://www.sec.gov/Archives/edgar/data/1327567/000132756725000017/,10-Q,2025-05-21
PANW,TotalEquity,2024-07-31,Q,2026,Q1,5169000000.0,USD,StockholdersEquity,0001327567-25-000035,4e38c4cc0072f3f0,https://www.sec.gov/Archives/edgar/data/1327567/000132756725000035/,10-Q,2025-11-20
PANW,TotalEquity,2024-10-31,Q,2026,Q1,5912000000.0,USD,StockholdersEquity,0001327567-25-000035,9514dd1ec82e8547,https://www.sec.gov/Archives/edgar/data/1327567/000132756725000035/,10-Q,2025-11-20
PANW,TotalEquity,2025-07-31,Q,2026,Q1,7824000000.0,USD,StockholdersEquity,0001327567-25-000035,c4cf1c2caa6a55c7,https://www.sec.gov/Archives/edgar/data/1327567/000132756725000035/,10-Q,2025-11-20
PANW,TotalEquity,2025-10-31,Q,2026,Q1,8665000000.0,USD,StockholdersEquity,0001327567-25-000035,fcc9735a3c6c1b7a,https://www.sec.gov/Archives/edgar/data/1327567/000132756725000035/,10-Q,2025-11-20
PANW,TotalEquity,2024-07-31,Q,2026,Q2,5169000000.0,USD,StockholdersEquity,0001327567-26-000005,2136dfb12151fcd1,https://www.sec.gov/Archives/edgar/data/1327567/000132756726000005/,10-Q,2026-02-18
PANW,TotalEquity,2024-10-31,Q,2026,Q2,5912000000.0,USD,StockholdersEquity,0001327567-26-000005,dd5708073252fd54,https://www.sec.gov/Archives/edgar/data/1327567/000132756726000005/,10-Q,2026-02-18
PANW,TotalEquity,2025-01-31,Q,2026,Q2,6375000000.0,USD,StockholdersEquity,0001327567-26-000005,c6e16ecca89ed249,https://www.sec.gov/Archives/edgar/data/1327567/000132756726000005/,10-Q,2026-02-18
PANW,TotalEquity,2025-07-31,Q,2026,Q2,7824000000.0,USD,StockholdersEquity,0001327567-26-000005,71284fb8d98e0d03,https://www.sec.gov/Archives/edgar/data/1327567/000132756726000005/,10-Q,2026-02-18
PANW,TotalEquity,2025-10-31,Q,2026,Q2,8665000000.0,USD,StockholdersEquity,0001327567-26-000005,66a19761a4495ca8,https://www.sec.gov/Archives/edgar/data/1327567/000132756726000005/,10-Q,2026-02-18
PANW,TotalEquity,2026-01-31,Q,2026,Q2,9393000000.0,USD,StockholdersEquity,0001327567-26-000005,da04106bc7012007,https://www.sec.gov/Archives/edgar/data/1327567/000132756726000005/,10-Q,2026-02-18
PANW,TotalLiabilities,2022-10-31,Q,2023,Q1,12035800000.0,USD,Liabilities,0001327567-22-000038,a5204e872218a26e,https://www.sec.gov/Archives/edgar/data/1327567/000132756722000038/,10-Q,2022-11-18
PANW,TotalLiabilities,2023-01-31,Q,2023,Q2,12434400000.0,USD,Liabilities,0001327567-23-000006,4e8d8826cac73544,https://www.sec.gov/Archives/edgar/data/1327567/000132756723000006/,10-Q,2023-02-22
PANW,TotalLiabilities,2022-07-31,Q,2023,Q3,12043600000.0,USD,Liabilities,0001327567-23-000014,93d135ffa7eb1079,https://www.sec.gov/Archives/edgar/data/1327567/000132756723000014/,10-Q,2023-05-24
PANW,TotalLiabilities,2023-04-30,Q,2023,Q3,12938100000.0,USD,Liabilities,0001327567-23-000014,be156d127a6ac394,https://www.sec.gov/Archives/edgar/data/1327567/000132756723000014/,10-Q,2023-05-24
PANW,TotalLiabilities,2023-10-31,Q,2024,Q1,12638000000.0,USD,Liabilities,0001327567-23-000032,fae54dc57852c1ba,https://www.sec.gov/Archives/edgar/data/1327567/000132756723000032/,10-Q,2023-11-17
PANW,TotalLiabilities,2024-01-31,Q,2024,Q2,13934800000.0,USD,Liabilities,0001327567-24-000005,7f79475ef353f66c,https://www.sec.gov/Archives/edgar/data/1327567/000132756724000005/,10-Q,2024-02-21
PANW,TotalLiabilities,2023-07-31,Q,2024,Q3,12752700000.0,USD,Liabilities,0001327567-24-000017,aa346d751eda8aad,https://www.sec.gov/Archives/edgar/data/1327567/000132756724000017/,10-Q,2024-05-21
PANW,TotalLiabilities,2024-04-30,Q,2024,Q3,13463000000.0,USD,Liabilities,0001327567-24-000017,c9924ee32c5fa22b,https://www.sec.gov/Archives/edgar/data/1327567/000132756724000017/,10-Q,2024-05-21
PANW,TotalLiabilities,2024-10-31,Q,2025,Q1,14462800000.0,USD,Liabilities,0001327567-24-000040,c1b7aaa6016f3868,https://www.sec.gov/Archives/edgar/data/1327567/000132756724000040/,10-Q,2024-11-21
PANW,TotalLiabilities,2025-01-31,Q,2025,Q2,14576400000.0,USD,Liabilities,0001327567-25-000010,18bf9d4fe1afc9a5,https://www.sec.gov/Archives/edgar/data/1327567/000132756725000010/,10-Q,2025-02-14
PANW,TotalLiabilities,2025-04-30,Q,2025,Q3,14772300000.0,USD,Liabilities,0001327567-25-000017,e90ae1ea37928bac,https://www.sec.gov/Archives/edgar/data/1327567/000132756725000017/,10-Q,2025-05-21
PANW,TotalLiabilities,2024-07-31,Q,2025,Q3,14821200000.0,USD,Liabilities,0001327567-25-000017,28bd65d5af2fe1a3,https://www.sec.gov/Archives/edgar/data/1327567/000132756725000017/,10-Q,2025-05-21
PANW,TotalLiabilities,2025-10-31,Q,2026,Q1,14871000000.0,USD,Liabilities,0001327567-25-000035,89e978dd862d2309,https://www.sec.gov/Archives/edgar/data/1327567/000132756725000035/,10-Q,2025-11-20
PANW,TotalLiabilities,2025-07-31,Q,2026,Q1,15752000000.0,USD,Liabilities,0001327567-25-000035,0277dc42101afec4,https://www.sec.gov/Archives/edgar/data/1327567/000132756725000035/,10-Q,2025-11-20
PANW,TotalLiabilities,2026-01-31,Q,2026,Q2,15586000000.0,USD,Liabilities,0001327567-26-000005,ae12da5d213a2ca6,https://www.sec.gov/Archives/edgar/data/1327567/000132756726000005/,10-Q,2026-02-18
PANW,TotalLiabilities,2025-07-31,Q,2026,Q2,15752000000.0,USD,Liabilities,0001327567-26-000005,df57cb553a622ece,https://www.sec.gov/Archives/edgar/data/1327567/000132756726000005/,10-Q,2026-02-18
PANW,TreasuryStockRepurchases,2021-10-31,Q,2022,Q1,0.0,USD,PaymentsForRepurchaseOfCommonStock,0001327567-21-000040,239481c0736fb274,https://www.sec.gov/Archives/edgar/data/1327567/000132756721000040/,10-Q,2021-11-19
PANW,TreasuryStockRepurchases,2020-10-31,Q,2022,Q1,500000000.0,USD,PaymentsForRepurchaseOfCommonStock,0001327567-21-000040,8c00c03c7bc857d3,https://www.sec.gov/Archives/edgar/data/1327567/000132756721000040/,10-Q,2021-11-19
PANW,TreasuryStockRepurchases,2021-01-31,Q,2022,Q2,500000000.0,USD,PaymentsForRepurchaseOfCommonStock,0001327567-22-000008,7f31f9a3cf4d630a,https://www.sec.gov/Archives/edgar/data/1327567/000132756722000008/,10-Q,2022-02-23
PANW,TreasuryStockRepurchases,2021-04-30,Q,2022,Q3,850000000.0,USD,PaymentsForRepurchaseOfCommonStock,0001327567-22-000016,6f2561e39929b8b5,https://www.sec.gov/Archives/edgar/data/1327567/000132756722000016/,10-Q,2022-05-20
PANW,TreasuryStockRepurchases,2021-10-31,Q,2023,Q1,0.0,USD,PaymentsForRepurchaseOfCommonStock,0001327567-22-000038,6939fc40a5331ab6,https://www.sec.gov/Archives/edgar/data/1327567/000132756722000038/,10-Q,2022-11-18
PANW,TreasuryStockRepurchases,2022-10-31,Q,2023,Q1,22700000.0,USD,PaymentsForRepurchaseOfCommonStock,0001327567-22-000038,cb453c71d901102c,https://www.sec.gov/Archives/edgar/data/1327567/000132756722000038/,10-Q,2022-11-18
PANW,TreasuryStockRepurchases,2022-01-31,Q,2023,Q2,550000000.0,USD,PaymentsForRepurchaseOfCommonStock,0001327567-23-000006,eb52b6a275b44aac,https://www.sec.gov/Archives/edgar/data/1327567/000132756723000006/,10-Q,2023-02-22
PANW,TreasuryStockRepurchases,2022-04-30,Q,2023,Q3,550000000.0,USD,PaymentsForRepurchaseOfCommonStock,0001327567-23-000014,981d218bf55c0a49,https://www.sec.gov/Archives/edgar/data/1327567/000132756723000014/,10-Q,2023-05-24
PANW,TreasuryStockRepurchases,2022-10-31,Q,2024,Q1,22700000.0,USD,PaymentsForRepurchaseOfCommonStock,0001327567-23-000032,c181927e1a95e4ac,https://www.sec.gov/Archives/edgar/data/1327567/000132756723000032/,10-Q,2023-11-17
PANW,TreasuryStockRepurchases,2023-10-31,Q,2024,Q1,66700000.0,USD,PaymentsForRepurchaseOfCommonStock,0001327567-23-000032,76d5c4875ae4bd16,https://www.sec.gov/Archives/edgar/data/1327567/000132756723000032/,10-Q,2023-11-17
PANW,TreasuryStockRepurchases,2024-01-31,Q,2024,Q2,0.0,USD,PaymentsForRepurchaseOfCommonStock,0001327567-24-000005,1cb69bb6d77dc599,https://www.sec.gov/Archives/edgar/data/1327567/000132756724000005/,10-Q,2024-02-21
PANW,TreasuryStockRepurchases,2023-01-31,Q,2024,Q2,272700000.0,USD,PaymentsForRepurchaseOfCommonStock,0001327567-24-000005,1f898ecff5296955,https://www.sec.gov/Archives/edgar/data/1327567/000132756724000005/,10-Q,2024-02-21
PANW,TreasuryStockRepurchases,2023-04-30,Q,2024,Q3,272700000.0,USD,PaymentsForRepurchaseOfCommonStock,0001327567-24-000017,abc34820cd7077f1,https://www.sec.gov/Archives/edgar/data/1327567/000132756724000017/,10-Q,2024-05-21
PANW,TreasuryStockRepurchases,2024-10-31,Q,2025,Q1,0.0,USD,PaymentsForRepurchaseOfCommonStock,0001327567-24-000040,a172c6eac3784e68,https://www.sec.gov/Archives/edgar/data/1327567/000132756724000040/,10-Q,2024-11-21
PANW,TreasuryStockRepurchases,2023-10-31,Q,2025,Q1,66700000.0,USD,PaymentsForRepurchaseOfCommonStock,0001327567-24-000040,2f637f8d374c8b5d,https://www.sec.gov/Archives/edgar/data/1327567/000132756724000040/,10-Q,2024-11-21
PANW,TreasuryStockRepurchases,2025-01-31,Q,2025,Q2,0.0,USD,PaymentsForRepurchaseOfCommonStock,0001327567-25-000010,d9e0a93d618aec84,https://www.sec.gov/Archives/edgar/data/1327567/000132756725000010/,10-Q,2025-02-14
PANW,TreasuryStockRepurchases,2024-01-31,Q,2025,Q2,66700000.0,USD,PaymentsForRepurchaseOfCommonStock,0001327567-25-000010,5949b25765dbefe9,https://www.sec.gov/Archives/edgar/data/1327567/000132756725000010/,10-Q,2025-02-14
PANW,TreasuryStockRepurchases,2025-04-30,Q,2025,Q3,0.0,USD,PaymentsForRepurchaseOfCommonStock,0001327567-25-000017,20a802ca3d4b0997,https://www.sec.gov/Archives/edgar/data/1327567/000132756725000017/,10-Q,2025-05-21
PANW,TreasuryStockRepurchases,2024-04-30,Q,2025,Q3,566700000.0,USD,PaymentsForRepurchaseOfCommonStock,0001327567-25-000017,01e7ff70b0bb008b,https://www.sec.gov/Archives/edgar/data/1327567/000132756725000017/,10-Q,2025-05-21
PANW,gross_margin_pct,2020-10-31,Q,2022,Q1,0.7063424947145878,pct,derived,,,,,
PANW,gross_margin_pct,2021-10-31,Q,2022,Q1,0.6948853615520282,pct,derived,,,,,
PANW,gross_margin_pct,2021-01-31,Q,2022,Q2,0.7017677925518365,pct,derived,,,,,
PANW,gross_margin_pct,2021-04-30,Q,2022,Q3,0.6983667017913593,pct,derived,,,,,
PANW,gross_margin_pct,2021-10-31,Q,2023,Q1,0.6948853615520282,pct,derived,,,,,
PANW,gross_margin_pct,2022-10-31,Q,2023,Q1,0.7045541767941665,pct,derived,,,,,
PANW,gross_margin_pct,2022-01-31,Q,2023,Q2,0.6935225987598955,pct,derived,,,,,
PANW,gross_margin_pct,2022-04-30,Q,2023,Q3,0.6895975702353835,pct,derived,,,,,
PANW,gross_margin_pct,2022-10-31,Q,2024,Q1,0.7045541767941665,pct,derived,,,,,
PANW,gross_margin_pct,2023-10-31,Q,2024,Q1,0.7482562163889037,pct,derived,,,,,
PANW,gross_margin_pct,2023-01-31,Q,2024,Q2,0.7116358552120553,pct,derived,,,,,
PANW,gross_margin_pct,2023-04-30,Q,2024,Q3,0.715977649107179,pct,derived,,,,,
PANW,gross_margin_pct,2024-10-31,Q,2025,Q1,0.7409294931737422,pct,derived,,,,,
PANW,gross_margin_pct,2023-10-31,Q,2025,Q1,0.7482562163889037,pct,derived,,,,,
PANW,gross_margin_pct,2024-01-31,Q,2025,Q2,0.7477680888612063,pct,derived,,,,,
PANW,gross_margin_pct,2024-04-30,Q,2025,Q3,0.7455464200068517,pct,derived,,,,,
PANW,gross_margin_pct,2025-04-30,Q,2025,Q3,0.7348471249925208,pct,derived,,,,,
PANW,gross_margin_pct,2024-10-31,Q,2026,Q1,0.7410004675081814,pct,derived,,,,,
PANW,gross_margin_pct,2025-10-31,Q,2026,Q1,0.7421180274858529,pct,derived,,,,,
PANW,gross_margin_pct,2026-01-31,Q,2026,Q2,0.738950276243094,pct,derived,,,,,
PANW,gross_margin_pct,2025-01-31,Q,2026,Q2,0.7377161055505005,pct,derived,,,,,
PANW,net_margin_pct,2020-10-31,Q,2022,Q1,-0.0974630021141649,pct,derived,,,,,
PANW,net_margin_pct,2021-10-31,Q,2022,Q1,-0.08305274971941638,pct,derived,,,,,
PANW,net_margin_pct,2021-01-31,Q,2022,Q2,-0.07249477813439299,pct,derived,,,,,
PANW,net_margin_pct,2021-04-30,Q,2022,Q3,-0.047780558482613276,pct,derived,,,,,
PANW,net_margin_pct,2021-10-31,Q,2023,Q1,-0.08305274971941638,pct,derived,,,,,
PANW,net_margin_pct,2022-10-31,Q,2023,Q1,0.01279263144428809,pct,derived,,,,,
PANW,net_margin_pct,2022-01-31,Q,2023,Q2,-0.03646219241118434,pct,derived,,,,,
PANW,net_margin_pct,2022-04-30,Q,2023,Q3,-0.018526955201214883,pct,derived,,,,,
PANW,net_margin_pct,2022-10-31,Q,2024,Q1,0.01279263144428809,pct,derived,,,,,
PANW,net_margin_pct,2023-10-31,Q,2024,Q1,0.10340237474042915,pct,derived,,,,,
PANW,net_margin_pct,2023-01-31,Q,2024,Q2,0.03237533012272798,pct,derived,,,,,
PANW,net_margin_pct,2023-04-30,Q,2024,Q3,0.04292019273595983,pct,derived,,,,,
PANW,net_margin_pct,2024-10-31,Q,2025,Q1,0.16397045072002991,pct,derived,,,,,
PANW,net_margin_pct,2023-10-31,Q,2025,Q1,0.10340237474042915,pct,derived,,,,,
PANW,net_margin_pct,2024-01-31,Q,2025,Q2,0.5037631059898267,pct,derived,,,,,
PANW,net_margin_pct,2024-04-30,Q,2025,Q3,0.3802500856457691,pct,derived,,,,,
PANW,net_margin_pct,2025-04-30,Q,2025,Q3,0.1316490157362532,pct,derived,,,,,
PANW,net_margin_pct,2024-10-31,Q,2026,Q1,0.1640953716690042,pct,derived,,,,,
PANW,net_margin_pct,2025-10-31,Q,2026,Q1,0.13500404203718674,pct,derived,,,,,
PANW,net_margin_pct,2026-01-31,Q,2026,Q2,0.1511444356748224,pct,derived,,,,,
PANW,net_margin_pct,2025-01-31,Q,2026,Q2,0.14058234758871702,pct,derived,,,,,
PANW,operating_margin_pct,2020-10-31,Q,2022,Q1,-0.04704016913319239,pct,derived,,,,,
PANW,operating_margin_pct,2021-10-31,Q,2022,Q1,-0.06629789963123296,pct,derived,,,,,
PANW,operating_margin_pct,2021-01-31,Q,2022,Q2,-0.04523918691731622,pct,derived,,,,,
PANW,operating_margin_pct,2021-04-30,Q,2022,Q3,-0.03635405690200211,pct,derived,,,,,
PANW,operating_margin_pct,2021-10-31,Q,2023,Q1,-0.06629789963123296,pct,derived,,,,,
PANW,operating_margin_pct,2022-10-31,Q,2023,Q1,0.009722399897658949,pct,derived,,,,,
PANW,operating_margin_pct,2022-01-31,Q,2023,Q2,-0.028818780953866554,pct,derived,,,,,
PANW,operating_margin_pct,2022-04-30,Q,2023,Q3,-0.012047582890407492,pct,derived,,,,,
PANW,operating_margin_pct,2022-10-31,Q,2024,Q1,0.009722399897658949,pct,derived,,,,,
PANW,operating_margin_pct,2023-10-31,Q,2024,Q1,0.11458388797188648,pct,derived,,,,,
PANW,operating_margin_pct,2023-01-31,Q,2024,Q2,0.017119776293304335,pct,derived,,,,,
PANW,operating_margin_pct,2023-04-30,Q,2024,Q3,0.02708831032109163,pct,derived,,,,,
PANW,operating_margin_pct,2024-10-31,Q,2025,Q1,0.13395361885169255,pct,derived,,,,,
PANW,operating_margin_pct,2023-10-31,Q,2025,Q1,0.11458388797188648,pct,derived,,,,,
PANW,operating_margin_pct,2024-01-31,Q,2025,Q2,0.06976019931485518,pct,derived,,,,,
PANW,operating_margin_pct,2024-04-30,Q,2025,Q3,0.0763103802672148,pct,derived,,,,,
PANW,operating_margin_pct,2025-04-30,Q,2025,Q3,0.11154490516364507,pct,derived,,,,,
PANW,operating_margin_pct,2024-10-31,Q,2026,Q1,0.13370733987844788,pct,derived,,,,,
PANW,operating_margin_pct,2025-10-31,Q,2026,Q1,0.12489894907033144,pct,derived,,,,,
PANW,operating_margin_pct,2026-01-31,Q,2026,Q2,0.1393054459352802,pct,derived,,,,,
PANW,operating_margin_pct,2025-01-31,Q,2026,Q2,0.11988171064604186,pct,derived,,,,,
PANW,revenue_qoq_growth,2021-10-31,Q,2022,Q1,0.3186046511627907,pct,derived,,,,,
PANW,revenue_qoq_growth,2021-04-30,Q,2022,Q3,0.5470986805237149,pct,derived,,,,,
PANW,revenue_qoq_growth,2022-10-31,Q,2023,Q1,0.25332691999358664,pct,derived,,,,,
PANW,revenue_qoq_growth,2022-10-31,Q,2024,Q1,-0.6043027081751455,pct,derived,,,,,
PANW,revenue_qoq_growth,2023-10-31,Q,2024,Q1,0.20129205577587309,pct,derived,,,,,
PANW,revenue_qoq_growth,2023-04-30,Q,2024,Q3,0.5346900730153799,pct,derived,,,,,
PANW,revenue_qoq_growth,2023-10-31,Q,2025,Q1,-0.1218907798765663,pct,derived,,,,,
PANW,revenue_qoq_growth,2026-01-31,Q,2026,Q2,1.0485044462409054,pct,derived,,,,,
PANW,revenue_yoy_growth,2021-04-30,Q,2022,Q3,2.2101479915433404,pct,derived,,,,,
PANW,revenue_yoy_growth,2021-10-31,Q,2023,Q1,-0.36451169188445665,pct,derived,,,,,
PANW,revenue_yoy_growth,2022-10-31,Q,2023,Q1,-0.48518177028451,pct,derived,,,,,
PANW,revenue_yoy_growth,2022-10-31,Q,2024,Q1,-0.3903209452872129,pct,derived,,,,,
PANW,revenue_yoy_growth,2023-01-31,Q,2024,Q2,-0.18539610225259429,pct,derived,,,,,
PANW,revenue_yoy_growth,2023-04-30,Q,2024,Q3,2.1593961877958296,pct,derived,,,,,
PANW,revenue_yoy_growth,2024-10-31,Q,2025,Q1,-0.33546683237533015,pct,derived,,,,,
PANW,revenue_yoy_growth,2023-10-31,Q,2025,Q1,-0.6197716321820465,pct,derived,,,,,
PANW,revenue_yoy_growth,2024-04-30,Q,2025,Q3,2.108460678345136,pct,derived,,,,,
PANW,revenue_yoy_growth,2026-01-31,Q,2026,Q2,1.3693314633006077,pct,derived,,,,,
